tx_hash,trove_owner,collateral_redeemed,number_of_collateral_tokens,debt,operation,timestamp,block_number
0x441e281ff1fe7c8fb3f39b2cdd6c98171f4fdc176289794237e1abc97fed00b4,0xB0720A40d6335dF0aC90fF9e4b755217632Ca78C,0xcDA86A272531e8640cD7F1a92c01839911B90bb0,50000000000000000,105800735898707279500,0,1711026340,61448014
0x74f8cdcef1f1da9ff38f536da0249e667b324bb875c5668c8bdc3614172ce7ec,0xF482F1fCC386F0B62E4933c44cd4Bfd89585Add3,0x78c1b0C915c4FAA5FffA6CAbf0219DA63d7f4cb8,1000000000000000000000,300720000000000000000,2,1710941372,61405530
0x9615ed2064883ee6dd62177d1e0bbb733719dd89720261f92cc4788789a9a204,0x1758A62D4E7D7cFeDe365EFdfC8E03f5B3bD8df6,0xcDA86A272531e8640cD7F1a92c01839911B90bb0,52000000000000000,108263695918650020126,0,1710912150,61390919
0x9f91b089d295a32b701ef29bd1853991d90b7a3018eb722e3e6f18134c4508ff,0x79939118Ef2af99E20310eCC5CCC0E9697d390FC,0xdEAddEaDdeadDEadDEADDEAddEADDEAddead1111,1000000000000000000,1020591667791309716000,0,1710889642,61379665
0xd7ae9a43e9723b1a4d23b7e6ccb599262cbb63c307884de19e03a0e9be152dd1,0x1D378a62412B1BD6116d0DB7DfE5d83410387898,0xdEAddEaDdeadDEadDEADDEAddEADDEAddead1111,9055470969476774501,22074712130782491652778,2,1710871716,61370702
0x9b663cf50b8977fe1215cdcfe645afffcd440d31eccd4d19b8a7f4199bcee88f,0x97D37E8B619cF4C6145da456766CA4FA157292D3,0x78c1b0C915c4FAA5FffA6CAbf0219DA63d7f4cb8,4213583414973537522063,1467082532143231194397,2,1710846946,61358317
0xe3075fcf56fbdd0b9caca948a65c7209cf59eb65b772a6e8a93cf71dd093a5b9,0xFe5000A4E2cD553Fc8cE9133de0ce80C6Ffc4FC8,0xdEAddEaDdeadDEadDEADDEAddEADDEAddead1111,3691703457012880768,8350500000000000000000,2,1710835942,61352815
0x13d40d4434abe54813f472344b69b398b7d2bf95b99745e288cb7dc3eb2e6bbb,0xeb5A154d8C99024A12f358C04aaF778150a1B8F7,0x78c1b0C915c4FAA5FffA6CAbf0219DA63d7f4cb8,0,0,1,1710815842,61342765
0x576d3cd5ea2f2dc7c7650c428aaded88b35abbe2282de74120dd0be954b8238a,0xf70BB530bFcAe94423D7768e9f00E8555c6e1280,0x201EBa5CC46D216Ce6DC03F6a759e8E766e956aE,0,0,1,1710798314,61334001
0x45ad1f0e21dbd01fd69f2ac321ccb4f8c84e0f20b03a8a5f8b731d26cad7a8f5,0x5760f4126aE24e1E0FA650069Eb24bD64e7E3677,0x78c1b0C915c4FAA5FffA6CAbf0219DA63d7f4cb8,0,0,1,1710777072,61323380
0x622eb2ce324600c9aea5209bb0561ac0c5127638dafa99b8b3cfaa684f173f3f,0xD0d9E3505349BC945A414A6EC8fF8bcaDAbF20e3,0x78c1b0C915c4FAA5FffA6CAbf0219DA63d7f4cb8,5270051423333333333333,2067290344673509956000,0,1710732330,61301009
0xa294981acc74b69d0aef10006fe43a5abec3989e94aef402f70490a1666f29fc,0x97D37E8B619cF4C6145da456766CA4FA157292D3,0xcDA86A272531e8640cD7F1a92c01839911B90bb0,1917555480160227761,2386813343258204668636,2,1710717156,61293422
0x64dd5be2005876a00cd4086bb01c627e08e242fe91a60bbd712a0ed62c9c16e0,0x290d54222c1a188ad9533Da06bEEEbe71286382a,0xcDA86A272531e8640cD7F1a92c01839911B90bb0,274713681666176217,375403029848483446593,2,1710702898,61286293
0xd8075f008fc25336931f568e594bc5a59ae14e4614f35528838429b08162054f,0x9aCf8D0315094d33Aa6875B673EB126483C3A2c0,0xcDA86A272531e8640cD7F1a92c01839911B90bb0,1839249513369243058,2517500000000000000000,2,1710675528,61272608
0x437bcac410b6f9603665f7b5041240dd41566a27ff3be5968b044fa515194731,0xE4F94b8262e7962270507D74C84a60a509896f7B,0xcDA86A272531e8640cD7F1a92c01839911B90bb0,49794986770340990857,15335348972630760703019,2,1710660838,61265263
0x60d803cb53d389a5471e8d4bd396e77f05b3d9c37fea10faf4e2f0801aa9f3c1,0xcE29cEc7552ab3c9Cf5264Ed96081c2804C3ef07,0xcDA86A272531e8640cD7F1a92c01839911B90bb0,0,0,1,1710643940,61256814
0xb6b98ac81fe9ce54b22075cf0e01bfdc843581f6fc6c4290a01032646b0b25d7,0x2Bf3712ba246AAa2D6A8e132E7c054672fc0B17B,0xdEAddEaDdeadDEadDEADDEAddEADDEAddead1111,0,0,1,1710609472,61239580
0xafb5933be9dff9a13051bff7a910f1dca8efee3e42601a1b1ac46683a849e195,0xe0e67FE9E2C8dcBAF91ef04a9A39211bcEdd3c7F,0xcDA86A272531e8640cD7F1a92c01839911B90bb0,25000000000000000,57522934849914057782,0,1710607248,61238468
0x9cc4a77d127aacb2934950d273fe64799cf28b49fb1dc63a8ef2b1b4f2af5bd1,0x4936f33b7B060c7336fD0e4c61316EA248DA6827,0x78c1b0C915c4FAA5FffA6CAbf0219DA63d7f4cb8,2000054227952661244914,677299954873391766225,2,1710567678,61218683
0x16f96d9a853035ca3f8bfeb28f9b917a606d387f5c5cc7c14f0594625dc5e3af,0x4936f33b7B060c7336fD0e4c61316EA248DA6827,0xcDA86A272531e8640cD7F1a92c01839911B90bb0,0,0,1,1710543444,61206566
0x1594de01ffe816e37121bc63a0571cfe3e890b26ce592fd3c759d4cd5d2cdfdb,0x231D04d32DdC9573b775B1738B51F8108639017c,0xdEAddEaDdeadDEadDEADDEAddEADDEAddead1111,0,0,1,1710446904,61115772
0x69a50348944a93547a4e4ef89524c535210da0080363b6315055b2389f8a3d13,0x8560293F8D0583118Cc1386133d307ACE5aCC8B6,0xcDA86A272531e8640cD7F1a92c01839911B90bb0,0,0,1,1710445772,61113369
0x3be1cbc297c18f2dc01dc09b2002af632d9e8875ce13681b1febac4c3bcc2b81,0x848ac158D4aF8A753227AD4e955a6eA3b0CbF480,0xcDA86A272531e8640cD7F1a92c01839911B90bb0,2049808865698312584,2547774862366360907500,0,1710406112,61028128
0x7e28b6d7b7a41d6041c090dcaff479391cc7c22e762734580732c28695a80011,0x2Bf3712ba246AAa2D6A8e132E7c054672fc0B17B,0xdEAddEaDdeadDEadDEADDEAddEADDEAddead1111,2859428832322164498,8140954642608860501500,2,1710397837,61012108
0xa7c0001379393146b7df5a8ff068ecbd0f779518b778af6c966069a2d94c95f8,0x5Be66f4095f89BD18aBE4aE9d2acD5021EC433Bc,0x78c1b0C915c4FAA5FffA6CAbf0219DA63d7f4cb8,1400000000000033288095,551344973924704233350,2,1710382445,60988446
0x53e3938a3ffbb391276ec259db066914fd7cde21d789029b15b7b8aea76a0b42,0x16ef04260Ca959C75bd8d4247874517c9cF74d12,0xcDA86A272531e8640cD7F1a92c01839911B90bb0,3816901297289034900,7737248864393476203693,2,1710364813,60938264
0x32a750185ce01c05192a17425678a65014b7eee13b59a2216404606d81e2104d,0x231D04d32DdC9573b775B1738B51F8108639017c,0xdEAddEaDdeadDEadDEADDEAddEADDEAddead1111,396372521086510650,436553482281270444939,2,1710357262,60919017
0x8720d21cdc5d0d473c9a38cbee168db8973b7309b02e4e054dbf5629a721b015,0x72e0c1613fA025219F140ff7de144affa4a2207B,0xcDA86A272531e8640cD7F1a92c01839911B90bb0,547299110050029935,1327286053297551259100,2,1710348379,60901241
0x866a4ab6d7b4f9f12ec10d7fe3654995e78d835fd3db5fa5f2baa302afdd6bd2,0x2Bf3712ba246AAa2D6A8e132E7c054672fc0B17B,0xdEAddEaDdeadDEadDEADDEAddEADDEAddead1111,2859428832322164498,7633804513131966810000,2,1710338915,60882838
0x83762e31d19da0f551f72f6268e35d88e9a1bfe79b4c68c4fa2c2971ea693f62,0x24A7e2F78c3AC4181996e415f7dBea1A71994952,0x201EBa5CC46D216Ce6DC03F6a759e8E766e956aE,0,0,1,1710330437,60868424
0xac8547ab31f6439c20d5f6a4e5f586e4385f07c8b43f1669482cecb4dd91cb94,0x9b3780D3e439650A16C78Cba5F9B82b483eeAa81,0xcDA86A272531e8640cD7F1a92c01839911B90bb0,9000000000000000000,9555000000000000000000,2,1710327661,60864290
0x880190d6f3abec9f28776b5ed9fd8e33f54f20afdfcc26d98afb957703250fe9,0x0B57F8b5588Feda9172C3AA69de51e4237C8e84a,0xdEAddEaDdeadDEadDEADDEAddEADDEAddead1111,0,0,1,1710318645,60851906
0x5d7fb95eee39a0f2b326c1791d29b27446108fe1057a5266ba8ba93a514823aa,0x24A7e2F78c3AC4181996e415f7dBea1A71994952,0x201EBa5CC46D216Ce6DC03F6a759e8E766e956aE,1265000000,117500000000000000000,2,1710315800,60846402
0x873575dc72ee30173a414d9c7bfa26233df87bdf0fbf256c4c5b5b0e9e8cb4b4,0x5897eABd827d38A5A8042051b9210bF6802e89D6,0xcDA86A272531e8640cD7F1a92c01839911B90bb0,134975839348826425,299730771540549272355,2,1710298027,60815839
0xf81543ce76eb6fb5dd870e57a9bde776b49f9fc87eb98f48866997b0630a93df,0x16ef04260Ca959C75bd8d4247874517c9cF74d12,0xcDA86A272531e8640cD7F1a92c01839911B90bb0,3835261719939618752,9483666217488313022099,2,1710279056,60763425
0x18b8fae8b2b53785bba8d154254ae6b8cb22904c563318d22b30d6507197d362,0xd5C8873293db1dbf886d7fc39EDC3b527548Eb31,0x78c1b0C915c4FAA5FffA6CAbf0219DA63d7f4cb8,1403567102810714402496,740981942678181320576,0,1710275572,60752435
0xbd7972ab49618e1b40c6be5c6903fd41ec7e3cbe40f8c4c6e2e14aaa192fb7c3,0x31DDDf4E2ac81403FA9b993CfBE4CA535a1656b5,0xcDA86A272531e8640cD7F1a92c01839911B90bb0,0,0,1,1710273474,60747308
0xfd760b725cc4a64e06609c300d1c0bd1721a179e321d5aaddd6f4757f979d061,0x16ef04260Ca959C75bd8d4247874517c9cF74d12,0xcDA86A272531e8640cD7F1a92c01839911B90bb0,3831092318210967027,9967221015965840486051,2,1710261516,60720903
0xc29e82c41e2e008caa955ea26f7341301ff94ed5c29bccf2375958b6daa16107,0xA5b5B85f0C5209998Be7aa72e17f0Ae289bc71bA,0x09Bc4E0D864854c6aFB6eB9A9cdF58aC190D0dF9,0,0,1,1710251689,60702636
0xba9aa9e96a9f4abe29772566fb2c8122316deb3be7dca772e86de2a40046cd14,0x97D37E8B619cF4C6145da456766CA4FA157292D3,0xcDA86A272531e8640cD7F1a92c01839911B90bb0,1917555480160227761,3154567934537704131575,2,1710240909,60681119
0x099d594cd7f13d640ce6791fa18a581d761168c0ca93658c302ea1d383e6a759,0x16ef04260Ca959C75bd8d4247874517c9cF74d12,0x09Bc4E0D864854c6aFB6eB9A9cdF58aC190D0dF9,0,0,1,1710236440,60672294
0x4714264d9aaf171c8d3c2cd637f92ca73a0d1a9c6b80259e3cf028b46ad7ef01,0x2Bf3712ba246AAa2D6A8e132E7c054672fc0B17B,0xdEAddEaDdeadDEadDEADDEAddEADDEAddead1111,2663428832322164498,7633804513131966810000,2,1710221596,60645958
0x121de37a20f647a5cbac382e17c85ecf8c78537edac91061efaa0c750951e764,0xC347Bc1c1d6d57Be8d2478b41684Ed18E60DBC58,0x09Bc4E0D864854c6aFB6eB9A9cdF58aC190D0dF9,1571503725,1092533058353608502196,2,1710197302,60597153
0xdc306af09bc20cdd3b5a639f6950e63740c37e1ce1851082a0d09b31d924cfe8,0x16ef04260Ca959C75bd8d4247874517c9cF74d12,0x09Bc4E0D864854c6aFB6eB9A9cdF58aC190D0dF9,15000000000,12972500000000000000000,2,1710192083,60576967
0x0ef1aca0afd821f4f89053882041f4543672c97317483aa986a2da5daa335a81,0x3818878704e19e3801bE830fDD9B993d8F31aa3D,0x78c1b0C915c4FAA5FffA6CAbf0219DA63d7f4cb8,950000000000000000000,708500000000000000000,0,1710164908,60521402
0xc7e0b50168464859bb160c9f621e7eac2aa4bd4f8639d09794317649b15bff2a,0x2Bf3712ba246AAa2D6A8e132E7c054672fc0B17B,0xdEAddEaDdeadDEadDEADDEAddEADDEAddead1111,2663428832322164498,7130450000000000000000,2,1710149433,60493672
0x4831909bcb4996e4c792c3db041f27a32949ee4be4128263f027e98dd884d6ac,0x2Bf3712ba246AAa2D6A8e132E7c054672fc0B17B,0xdEAddEaDdeadDEadDEADDEAddEADDEAddead1111,2294540956821176071,7130450000000000000000,2,1710149334,60493342
0xb851d60a2c743f330f167109f2e61c30eb4bd0925aa906f2aeddfca4c7181c08,0xeb5A154d8C99024A12f358C04aaF778150a1B8F7,0x78c1b0C915c4FAA5FffA6CAbf0219DA63d7f4cb8,2000000000000000000000,860250000000000000000,2,1710134679,60463825
0xee2e9c2ad3ae24bde3cebe7abc60724a3f0ba2017a8ea32222bd174986e896d3,0x24A7e2F78c3AC4181996e415f7dBea1A71994952,0x201EBa5CC46D216Ce6DC03F6a759e8E766e956aE,3276548692,2517500000000000000000,0,1710123523,60443980
0x9039f9473557879f5c84bf92a3deaa395761997ebcc1e58e44b2292f01f86cf4,0x8f11902D6ddd254a1034Ac2ff64a42D00A8226b0,0xcDA86A272531e8640cD7F1a92c01839911B90bb0,200220442565638075,457250000000000000000,0,1710117731,60433621
0x1c2248a32343af90fdacfc10b7a2eccc0b3cdcc9f7302ae96d0f23cface5ff8a,0x290d54222c1a188ad9533Da06bEEEbe71286382a,0xcDA86A272531e8640cD7F1a92c01839911B90bb0,450596739507071085,1010000000000000000000,0,1710111811,60413738
0x1e8143f06ac54433fd869d44b9ff26a84899b2539e9aa758684c79a320851edc,0xFe5000A4E2cD553Fc8cE9133de0ce80C6Ffc4FC8,0x09Bc4E0D864854c6aFB6eB9A9cdF58aC190D0dF9,0,0,1,1710109808,60404814
0x2c75c3094742689f778df2bd4e411f5f118b771dca9ab970ad026eebe24a54b2,0xC347Bc1c1d6d57Be8d2478b41684Ed18E60DBC58,0x09Bc4E0D864854c6aFB6eB9A9cdF58aC190D0dF9,2371503725,1992533058353608502196,2,1710107776,60396886
0x50377e43b31bbd714170731a7b6c44e70f953ef28b72eb9cb35161756a4ea187,0x7658f261257B99b83527a353e252544B122817Eb,0xdEAddEaDdeadDEadDEADDEAddEADDEAddead1111,1100605781647401501,3422000000000000000000,2,1710099620,60373530
0x06cb049955d1df077d0d54cee2d12db11951ad2e47eb842e2e118fa518114248,0x8b71451681500a49D1e82E617a13898dfae91e7B,0xcDA86A272531e8640cD7F1a92c01839911B90bb0,2948344501603223784,4271225000000000000000,2,1710096531,60365990
0x2e8b11c29093e017e73ec3b6e8a05ea0dde806b7141f674e559d9306f25e4fe3,0x95567Ffd50b93604C9B52B67Ed843Db6ba28EE0F,0x09Bc4E0D864854c6aFB6eB9A9cdF58aC190D0dF9,200000000,70000000000000000000,2,1710089375,60351665
0x115501372e75192be2ffdcdbb876775ab0d1afee5b5db748f2e82c3c062cdb09,0x8d893429b077455f0dB9bc005536f441785eEeb2,0xdEAddEaDdeadDEadDEADDEAddEADDEAddead1111,0,0,1,1710084513,60341534
0x6437c35e21a050fcac0a9282bde914b8573447b8b9bb94997dda1ed9a0e818b5,0x632Ae5b27d1df3E7d7d3FF4b96179683729afDe4,0xdEAddEaDdeadDEadDEADDEAddEADDEAddead1111,0,0,1,1710064156,60300393
0xdcc142401287910a79e8f62bf6900318e8070dab7e617a13d8030c57d946a352,0xAb9CDE6B97fc31278fE1E496bcC96C157692C17F,0x09Bc4E0D864854c6aFB6eB9A9cdF58aC190D0dF9,0,0,1,1710057480,60287873
0x0fc44053079991ed1e30b2fc85cb8384675125316dc95b1ec0abbc4a115f23cb,0x74497E85Aa99d7f148568a06148b567977E9d129,0xdEAddEaDdeadDEadDEADDEAddEADDEAddead1111,750000000000000000,1015000000000000000000,2,1710038488,60253631
0x384def9b9716e7fc584cdb3813294fdb01e470f69a2f6c9baf7da3be51157a46,0x9aCf8D0315094d33Aa6875B673EB126483C3A2c0,0xcDA86A272531e8640cD7F1a92c01839911B90bb0,1521649382369243058,2517500000000000000000,0,1710031067,60242015
0xeeba3e5802dddb1e9810eb91ada7ca1f9fe85a5429e58e289d2426d5554a29df,0xF482F1fCC386F0B62E4933c44cd4Bfd89585Add3,0x78c1b0C915c4FAA5FffA6CAbf0219DA63d7f4cb8,1000000000000000000000,350720000000000000000,2,1710027143,60229554
0x76e39dfc62d7582da1e475651902727a0a972313d30feb94e5b72c2441c375b5,0x8b71451681500a49D1e82E617a13898dfae91e7B,0xcDA86A272531e8640cD7F1a92c01839911B90bb0,1483245735058657357,2160725000000000000000,0,1710025042,60219084
0x21cbf73b0c1aa839aa98c8ba9b00bb78f52a07a9bd503895fd33a9acd84b3ee0,0xeb5A154d8C99024A12f358C04aaF778150a1B8F7,0xcDA86A272531e8640cD7F1a92c01839911B90bb0,1000000000000000000,2770000000000000000000,2,1710019088,60195196
0xf8891a29edf5d2f758f1bddeeb261963c46981c15454f56126d902ac91c64186,0xFaa41900848b7f68F4859676432811E6fC46a15c,0xcDA86A272531e8640cD7F1a92c01839911B90bb0,500025373680159619,1010000000000000000000,0,1710012960,60176428
0xbb6a73c24c795e2aad097d8b2ed78948115c3a1d57acae7679541bbe78a10301,0xB118FD9852ec6762ed38799CB43F0Ad1f0d29a2e,0xcDA86A272531e8640cD7F1a92c01839911B90bb0,12248099889089501613,15024725000000000000000,2,1710008646,60163057
0x52f3b81bbbde26012b72c31d1d56e44576d22c7dec0c157a472a7e838d4f797a,0x9b3780D3e439650A16C78Cba5F9B82b483eeAa81,0xcDA86A272531e8640cD7F1a92c01839911B90bb0,150000000000000000,206000000000000000000,2,1710006331,60158186
0xb03dea88907715733ba85d831d1efa7e07e7c5be4fef9a125dc3298ccf322c63,0xEEcafff217eAa6928c0cFD89be0613c518cc928E,0x201EBa5CC46D216Ce6DC03F6a759e8E766e956aE,2626305534,1182162419146626725015,2,1710001330,60148930
0xe2ea404db21eae0dbb8f8c8446c4145653d4bd5c5060d603a3f7989893e6ded3,0xF93A5F0A4925EeC32cD585641c88a498523f383C,0xcDA86A272531e8640cD7F1a92c01839911B90bb0,1000000000000000000,1512500000000000000000,0,1709995745,60138344
0x796761b0ec308278f881bc6988917bb5b7f13d28c8aaa33133e112b5df7adf86,0x7Cb552152e2b28F9f6911c51B69B0d8D1FADafe1,0x09Bc4E0D864854c6aFB6eB9A9cdF58aC190D0dF9,0,0,1,1709990346,60128026
0xbfa0f12c68ed8414a632c64268f9d920f5077be8b21537ac6b47205330ef6e41,0x2Bf3712ba246AAa2D6A8e132E7c054672fc0B17B,0xdEAddEaDdeadDEadDEADDEAddEADDEAddead1111,2176140273753604607,5120450000000000000000,2,1709985761,60117344
0x02af3e26de0e0bede539074d1a4633264a499016fcdb0d933a1958f43695ca5e,0xEEcafff217eAa6928c0cFD89be0613c518cc928E,0xcDA86A272531e8640cD7F1a92c01839911B90bb0,685392308154836083,2015000000000000000000,2,1709981702,60108340
0x4fb2b956fd3779ab21899708e3232654bae907e3f6c032cfcd76ccbf0623073f,0xEEcafff217eAa6928c0cFD89be0613c518cc928E,0x201EBa5CC46D216Ce6DC03F6a759e8E766e956aE,4226305534,3570764112186336425038,2,1709976358,60096604
0xf96972aff4b6ff03f9511788e2e46126656dffd123858af85587dc87a5c102a7,0x5760f4126aE24e1E0FA650069Eb24bD64e7E3677,0x78c1b0C915c4FAA5FffA6CAbf0219DA63d7f4cb8,2550000000000000000000,1412000000000000000000,2,1709950204,60050732
0x63397c021962be4032f65c8179a29b2fbe9747c2a5e9e0d9a658877181e1229c,0x7Cb552152e2b28F9f6911c51B69B0d8D1FADafe1,0x09Bc4E0D864854c6aFB6eB9A9cdF58aC190D0dF9,308523722,206000000000000000000,0,1709942871,60041178
0x51a024f2db4867042c428c47bb9c0402d7ad87137fb8c67c7174cc8e1027baa1,0xAb9CDE6B97fc31278fE1E496bcC96C157692C17F,0x09Bc4E0D864854c6aFB6eB9A9cdF58aC190D0dF9,105000000,85400000000000000000,2,1709929370,59995257
0x0a0aa98fff63d7a1b7217bd3df3ed7dc1561256c5b4cec2f68a0c54f87de76d0,0xF21D82c520B3598cdafcb7Df697c69f30cAe051b,0xdEAddEaDdeadDEadDEADDEAddEADDEAddead1111,0,0,1,1709910240,59958462
0x5c0e9d56ca4fc244a71a395806ccc546b9994ff4a22fa7e7eee82a5e6932354e,0x2Bf3712ba246AAa2D6A8e132E7c054672fc0B17B,0xdEAddEaDdeadDEadDEADDEAddEADDEAddead1111,2023846277814576403,5120450000000000000000,2,1709888394,59911182
0x15004347e70f4e6cac75ca2fdee47094b53b2e8bde63f12557e075e6a839f728,0x1D378a62412B1BD6116d0DB7DfE5d83410387898,0xdEAddEaDdeadDEadDEADDEAddEADDEAddead1111,22392767139032209117,66556000000000000000000,2,1709883779,59903173
0xff2b1b25a3960dfc5634ee46d67fd76b9d81390495350712e5a3ecb91d33e525,0x2Bf3712ba246AAa2D6A8e132E7c054672fc0B17B,0xdEAddEaDdeadDEadDEADDEAddEADDEAddead1111,2023846277814576403,4617950000000000000000,2,1709881238,59898395
0x95d387034d088a64fe63d5fd5aacaadd335823d6b9c539c93e9fac6cbd754757,0xBa06CD08589f7aE5827d72026107c5B903A088Ce,0x78c1b0C915c4FAA5FffA6CAbf0219DA63d7f4cb8,2683393667607945608234,1002965000000000000000,2,1709861522,59866555
0x6e2d2753a6afe13178d42cb42e20bafb625243d4a691d7f87eda0d7654cb9e1f,0x868CBfd33ec93B451c510125E4D9f1AB1E42fcD2,0xdEAddEaDdeadDEadDEADDEAddEADDEAddead1111,20000000000000000,55250000000000000000,0,1709854728,59852437
0xc128bb1a58e71c7df8db129236a074bb11783e0be3a41995ce373e16e8e939f4,0x2Bf3712ba246AAa2D6A8e132E7c054672fc0B17B,0xdEAddEaDdeadDEadDEADDEAddEADDEAddead1111,2023846277814576403,4507400000000000000000,2,1709844766,59811976
0x5572afb28531402d22396655e9d258c7e5358cb196532f9857f7ab46036687f9,0x2Bf3712ba246AAa2D6A8e132E7c054672fc0B17B,0xdEAddEaDdeadDEadDEADDEAddEADDEAddead1111,1973550566827317889,4306400000000000000000,2,1709833664,59785354
0x9b166176c5f7728a7b51c49968748443aeeac4f12e4461081f7d6d7b08e02fad,0x95567Ffd50b93604C9B52B67Ed843Db6ba28EE0F,0x09Bc4E0D864854c6aFB6eB9A9cdF58aC190D0dF9,1000000000,507500000000000000000,0,1709827355,59774133
0x5e298410000bb672165f69f3ea81b5f14ee98b4faf30259f74eae3c63a35a365,0x2Bf3712ba246AAa2D6A8e132E7c054672fc0B17B,0xdEAddEaDdeadDEadDEADDEAddEADDEAddead1111,1921571075836944575,4105400000000000000000,2,1709814592,59749585
0x38604e69175488034feb866d8963b418ceade8960b7806cfc4d8215e4bba2c91,0x91f4e48384F775B819C77C4901Db6CA6e2E92B80,0x09Bc4E0D864854c6aFB6eB9A9cdF58aC190D0dF9,0,0,1,1709804084,59729267
0x0a4bb5fc412309c163115e8c05458bc2d3b122401c9b83741cbbd825a57ca95b,0xB573f01f2901c0dB3E14Ec80C6E12e4868DEC864,0xdEAddEaDdeadDEadDEADDEAddEADDEAddead1111,24745949317948971646,51260000000000000000000,2,1709794308,59712212
0x85a24d97277827d3ffcae6d1b6c87e8367853952179e2b9ef4dcf5bb974e52bf,0x97D37E8B619cF4C6145da456766CA4FA157292D3,0x78c1b0C915c4FAA5FffA6CAbf0219DA63d7f4cb8,4078709255823912504442,2150209565063786491997,2,1709792451,59709394
0x3078e695c5978de7ab2e733d23e378e2b47c2f37513c8714c1b29285d9751872,0x5Be66f4095f89BD18aBE4aE9d2acD5021EC433Bc,0x78c1b0C915c4FAA5FffA6CAbf0219DA63d7f4cb8,1376459123997033288095,500500000000000000000,2,1709779351,59690741
0x1da4ad32f45081b15aee2bf055eaa0b8d5ddb7da3727ea254fe90a78faabf053,0xB573f01f2901c0dB3E14Ec80C6E12e4868DEC864,0xdEAddEaDdeadDEadDEADDEAddEADDEAddead1111,17967417317948970721,41210000000000000000000,2,1709769259,59676624
0x7137c694dced88125628e350359ee24060d6974cc61a2c6e169d8ccf4094926a,0xB573f01f2901c0dB3E14Ec80C6E12e4868DEC864,0xdEAddEaDdeadDEadDEADDEAddEADDEAddead1111,2997417317948969341,8045000000000000000000,2,1709763499,59649906
0xfe52f0bbb051403cfe8dad987f47fcb19d0daaa75efcd1011dfec355790e6a8b,0x728E9EBcB91a354b112a1Ecf7Fd9eA8F1806bc5c,0x201EBa5CC46D216Ce6DC03F6a759e8E766e956aE,4084828041,3834050000000000000000,2,1709760403,59640929
0x88f6e6264452cc2c8f63b7563114203372dacdc3d8e0766eebad8550d1227262,0x2Bf3712ba246AAa2D6A8e132E7c054672fc0B17B,0xdEAddEaDdeadDEadDEADDEAddEADDEAddead1111,1895277302264570771,4004900000000000000000,2,1709748609,59617758
0x65a49832a2cd4d6e80b64fa1b3dbac87080c2ec2887cffa3da9c763a31bc5d2c,0x2Bf3712ba246AAa2D6A8e132E7c054672fc0B17B,0xdEAddEaDdeadDEadDEADDEAddEADDEAddead1111,1705369511192919548,3271250000000000000000,2,1709733212,59591501
0x8311512f6c613de15be94cbcc7dc8bab965baa233fdf2f286e0cd385f360c6b5,0xe5D3284584942b3d2d65057F109ebccED35C9799,0x78c1b0C915c4FAA5FffA6CAbf0219DA63d7f4cb8,1185906036294464145225,624357770117143039923,2,1709713086,59551665
0xf082aa4b320a272887cc7d7f90861a9f036a020c25bb8bc7b7128816f67675d4,0xf70BB530bFcAe94423D7768e9f00E8555c6e1280,0x201EBa5CC46D216Ce6DC03F6a759e8E766e956aE,1029409157,800960000000000000000,2,1709709012,59544016
0xac036c88969c16a12cb449f57bb006aeba383056b05c115b5244cdc7f68a596e,0x231D04d32DdC9573b775B1738B51F8108639017c,0xdEAddEaDdeadDEadDEADDEAddEADDEAddead1111,396372521086510650,673325000000000000000,2,1709704671,59536608
0x8e87ad4bbc5563935d4fd359f3c239114a6054c67195045c2873b6e3460b345f,0x97D37E8B619cF4C6145da456766CA4FA157292D3,0x78c1b0C915c4FAA5FffA6CAbf0219DA63d7f4cb8,3956206642068326923472,2150209565063786491997,2,1709680134,59483842
0x1426092c6511318cf082a16efb98802f7baf05754ecde7e178d31c808f8b576a,0x329CfE850FF4CF637aa2353ef2D3672156E54d6C,0xdEAddEaDdeadDEadDEADDEAddEADDEAddead1111,1684378861783158274,3184046286394236989610,2,1709674772,59459493
0x7621c5eefe819ced805c9aab835fd74478138471729e15fc1d4ca78953854a0b,0xe5D3284584942b3d2d65057F109ebccED35C9799,0x78c1b0C915c4FAA5FffA6CAbf0219DA63d7f4cb8,1185906036294464145225,473607770117143039923,2,1709641819,59394946
0xaffb87015987d223f9d46979dd2958c6761b24cf585b41a05ce0b7a4c9ccfa93,0xe5D3284584942b3d2d65057F109ebccED35C9799,0x78c1b0C915c4FAA5FffA6CAbf0219DA63d7f4cb8,1185906036294464145225,608000000000000000000,0,1709641505,59394206
0x2fc2ea59b12633b60e0d5acbfd176a37b916b4e1f08d38a39cbb46444560481f,0x1D378a62412B1BD6116d0DB7DfE5d83410387898,0xdEAddEaDdeadDEadDEADDEAddEADDEAddead1111,22392767139032209117,62516000000000000000000,2,1709635259,59382795
0x7a517c154d511a62fd1c84a1bc6b88fcc479ee7f7d29bf6bd987813d23eab423,0x4f6dbDD215D8612B8e41a1950A3CB10e1624BA70,0x09Bc4E0D864854c6aFB6eB9A9cdF58aC190D0dF9,3877249401,2619250000000000000000,2,1709604870,59334282
0x3903ca93397752a65a88a78fe7a089d2c53c075f8356b902d51914c106eea06d,0x687bD49516Dc9a066e9c43f3AF8bB439317D31c0,0xcDA86A272531e8640cD7F1a92c01839911B90bb0,24584404787726236,55250000000000000000,0,1709596473,59324491
0xec4d392da4e398f14a5ff089e1b0896690b7b1ad3fb82485060809714604a3f0,0xecd01ce2eb33fc1B4588a9f61Ce62B5012569104,0x78c1b0C915c4FAA5FffA6CAbf0219DA63d7f4cb8,1707066392084008992895,929600000000000000000,2,1709591782,59302212
0x20de92da028f8c1458db07895452562bb1765c51433e8ee39a0a032730a8f531,0x97D37E8B619cF4C6145da456766CA4FA157292D3,0x78c1b0C915c4FAA5FffA6CAbf0219DA63d7f4cb8,3894313227345682890493,2150209565063786491997,2,1709584187,59277874
0x42ada9ab64ae14363ce9d681afaac62d97eda7670d119d5c22a081b5165ab972,0xA5b5B85f0C5209998Be7aa72e17f0Ae289bc71bA,0x09Bc4E0D864854c6aFB6eB9A9cdF58aC190D0dF9,11678774825,9552500000000000000000,2,1709568117,59248893
0x3c96091c0f1fdd31182531ed210e79f2cabf1300bd6b3f789b3b780fb617338d,0x5A98dBcEeCa053b7845Fc4dD79124F66908AdE50,0x09Bc4E0D864854c6aFB6eB9A9cdF58aC190D0dF9,0,0,1,1709548709,59213776
0x28643d7c4abeda537389ddec1933f28bb80313f4fd1c5b69c6bf482825a6b119,0xFe5000A4E2cD553Fc8cE9133de0ce80C6Ffc4FC8,0x09Bc4E0D864854c6aFB6eB9A9cdF58aC190D0dF9,5801927945,5432000000000000000000,0,1709512205,59162456
0xca0945a1f9d86b58d99f48fcade1f167fbc3f6f407449e004a1d6079b73f5b35,0x231D04d32DdC9573b775B1738B51F8108639017c,0xdEAddEaDdeadDEadDEADDEAddEADDEAddead1111,303186129104261611,522575000000000000000,2,1709500296,59120479
0x88cce0c09fcc0680b005ece2f8cb2263878f00587223af2701ac8bff22bdff27,0x97D37E8B619cF4C6145da456766CA4FA157292D3,0x78c1b0C915c4FAA5FffA6CAbf0219DA63d7f4cb8,3837995175671689574786,2150209565063786491997,2,1709468131,59060605
0x4b7769cd6656eea2682292d506be885645313735bf8ee5a19fd910f5342417cc,0x329CfE850FF4CF637aa2353ef2D3672156E54d6C,0xdEAddEaDdeadDEadDEADDEAddEADDEAddead1111,11684378861783158274,20205570350000000000000,2,1709452826,59032289
0xdb9663f453b6ccd422bf2c09a35256dbce8dd2543ecd43a682c3c84111245da6,0x4936f33b7B060c7336fD0e4c61316EA248DA6827,0x78c1b0C915c4FAA5FffA6CAbf0219DA63d7f4cb8,1375908223156227741011,525665000000000000000,2,1709426393,58987561
0x2126c148ac9e49110a437a2cdd122eaf8f10517cab46c14bb9ba4f9e7386b039,0x3c5Aac016EF2F178e8699D6208796A2D67557fe2,0xdEAddEaDdeadDEadDEADDEAddEADDEAddead1111,6048675572456150833,5207885000000000000000,2,1709401317,58915955
0x2eab55dc6681315a53581564938907298583444fc38725f0adcc18ff80828694,0x31DDDf4E2ac81403FA9b993CfBE4CA535a1656b5,0xdEAddEaDdeadDEadDEADDEAddEADDEAddead1111,305000000000000000,437150000000000000000,2,1709391009,58896135
0xded62d30a6c31c3251819428fddfe43372905d9f29b8d42660e9d47ae331e093,0x3c5Aac016EF2F178e8699D6208796A2D67557fe2,0xdEAddEaDdeadDEadDEADDEAddEADDEAddead1111,2538948233584770695,3197885000000000000000,2,1709311505,58726606
0x3ea61c063794b12eb41da6271434b33e42afbe377a706368daae32f0d8e74a61,0x329CfE850FF4CF637aa2353ef2D3672156E54d6C,0xdEAddEaDdeadDEadDEADDEAddEADDEAddead1111,11684378861783158274,19085930000000000000000,2,1709227609,58532520
0xa06f57e8d500bc2fc1c1ea34333578f5feaf48b55651de98f6740b9d656b3b6f,0x97D37E8B619cF4C6145da456766CA4FA157292D3,0x78c1b0C915c4FAA5FffA6CAbf0219DA63d7f4cb8,3727289783376676192871,2150209565063786491997,2,1709213086,58501944
0xca9cb5a02dd3c738bcdbb7f383bcd6030234db77b376df33f71899324299f06e,0x1D378a62412B1BD6116d0DB7DfE5d83410387898,0xdEAddEaDdeadDEadDEADDEAddEADDEAddead1111,10424514241445564238,27341000000000000000000,2,1709208397,58493380
0x32772d53ca9a7a23a5cd8b3a4ca27fe4a71d3ae51594cf6834ccaac7c59645d2,0x16ef04260Ca959C75bd8d4247874517c9cF74d12,0xdEAddEaDdeadDEadDEADDEAddEADDEAddead1111,5724138203004781562,14778500000000000000000,2,1709195561,58471844
0xf70b3dafc9aa3ebb78c0770458a012b8bf546e14afd6b9f0c5b7ae1a16ea5944,0x0C3458dC74Cd062E0754d5deF7d0E70F93185E38,0x09Bc4E0D864854c6aFB6eB9A9cdF58aC190D0dF9,888873377,658250000000000000000,0,1709185149,58450695
0x9d4a88bb1163681d4006b99bc62f7371aea6629fbef86dc4bc5dfd605a161e7c,0xA5b5B85f0C5209998Be7aa72e17f0Ae289bc71bA,0x09Bc4E0D864854c6aFB6eB9A9cdF58aC190D0dF9,10048612468,8045000000000000000000,0,1709174651,58432825
0xada9769d79b8093ff3472b38a19f56f0e5a5ec194ce85f2206ce673adc4b6dc7,0x231D04d32DdC9573b775B1738B51F8108639017c,0x78c1b0C915c4FAA5FffA6CAbf0219DA63d7f4cb8,0,0,1,1709164800,58422301
0x279e8d41045d0669ad23bfc12cfacd0e01b5a21512061cf5424a0ca2c416685d,0x231D04d32DdC9573b775B1738B51F8108639017c,0xdEAddEaDdeadDEadDEADDEAddEADDEAddead1111,303186129104261611,437150000000000000000,2,1709161267,58419367
0x1a86328b3dd57c69815b4f00444a919e6b777d45c30e0a314abf8f90e29756c8,0xff18f386A5412A1404542936D8Be8FbfEC350fF4,0x78c1b0C915c4FAA5FffA6CAbf0219DA63d7f4cb8,402491197536317675211,185900000000000000000,0,1709149471,58409147
0xa0c509845858dec9031d67326cd07dca0008090e48aadad68b591aead33371a2,0x0c7BE72E04d4aFa9D848c7346f6984Ed3f41e4e0,0xdEAddEaDdeadDEadDEADDEAddEADDEAddead1111,0,0,1,1709129643,58370873
0x485b769eeab66c86ddcc0df7c1451782820baedcf0012e25b69909fff9c9fdcc,0xB118FD9852ec6762ed38799CB43F0Ad1f0d29a2e,0x78c1b0C915c4FAA5FffA6CAbf0219DA63d7f4cb8,15162965523881797348347,5080250000000000000000,2,1709110668,58328132
0x820d70e7e0035cad711174838651db1bfe3db8d6ffc67574ab9b08506f4ee9b6,0x97D37E8B619cF4C6145da456766CA4FA157292D3,0x78c1b0C915c4FAA5FffA6CAbf0219DA63d7f4cb8,3537946793476812221193,2150209565063786491997,2,1709097134,58297197
0x18bec412e53161654505e1ed0268c291566da6882057a782ebd3543edf7e3af1,0xF482F1fCC386F0B62E4933c44cd4Bfd89585Add3,0x78c1b0C915c4FAA5FffA6CAbf0219DA63d7f4cb8,1000000000000000000000,300470000000000000000,2,1709084885,58273470
0x4f1e519efcc8114efc463843ca2ddfa371a8b564b27d98d93e82497b1fd85df9,0x97D37E8B619cF4C6145da456766CA4FA157292D3,0x78c1b0C915c4FAA5FffA6CAbf0219DA63d7f4cb8,3537946793476812221193,1898959565063786491997,2,1709078266,58261723
0xaca79f00d7d2d792eb9f027c1e11e975c1bdcfc9a6e2945466d6278d410e4101,0x3c5Aac016EF2F178e8699D6208796A2D67557fe2,0xdEAddEaDdeadDEadDEADDEAddEADDEAddead1111,2538948233584770695,2517500000000000000000,2,1709013844,58104594
0xad2e11479a3105fb237a8c6bc015df972aa2900a28891ee4adc4f3ac7e95cba0,0x4936f33b7B060c7336fD0e4c61316EA248DA6827,0x78c1b0C915c4FAA5FffA6CAbf0219DA63d7f4cb8,1300521158186580369084,525665000000000000000,2,1709006906,58092084
0x8cba5d4ba3a9c820eb4a60dc2cb751a29aaddbe4a128ac33c96f348731aede1a,0xBa06CD08589f7aE5827d72026107c5B903A088Ce,0x78c1b0C915c4FAA5FffA6CAbf0219DA63d7f4cb8,2683393667607945608234,902465000000000000000,2,1708996704,58072079
0xf3c22fdd37d8a6b2e5b999435f12fc77fc66408a1e91fe2875910ec49d69d8b9,0xCf5a599892a1908A3d9e0C294A5e997447283FB9,0xdEAddEaDdeadDEadDEADDEAddEADDEAddead1111,1361002516766879080,1291400000000000000000,0,1708988536,58049524
0xa7ed110f78e506398502cdfb01fdb16c73e1692dde92d873744adaa2f22490e7,0xc445A4d722d2793BD351779378AA85fd45adeE84,0x78c1b0C915c4FAA5FffA6CAbf0219DA63d7f4cb8,282505396998246433672,158765000000000000000,2,1708955805,57980771
0x5e549d273f5bdcea60414d845ba7f7951a4ffa058bd7df730631d9c5d551b2ac,0xB573f01f2901c0dB3E14Ec80C6E12e4868DEC864,0xdEAddEaDdeadDEadDEADDEAddEADDEAddead1111,1997417317948968884,4025000000000000000000,0,1708950096,57966564
0x4b8bb2a13ce84aa28c1899609ca876a936e7686b3a1d94a653bcf6323d6821ed,0xB577517FB7A0A174551d6933c7Ff2F0EEA3004b6,0x78c1b0C915c4FAA5FffA6CAbf0219DA63d7f4cb8,1100000000000000000000,423546059989149820307,2,1708948234,57960669
0x4ce5cdcd0d30f89ded3db8e0868f5d315d2c62767e0d6fb61752e211f1c40ce1,0x97D37E8B619cF4C6145da456766CA4FA157292D3,0x78c1b0C915c4FAA5FffA6CAbf0219DA63d7f4cb8,3469708615249645837438,1898959565063786491997,2,1708942016,57940259
0x86a715c4debb7686ae3f7682c134b60710cf3e27287b74e954699c50a1909ec5,0x231D04d32DdC9573b775B1738B51F8108639017c,0xdEAddEaDdeadDEadDEADDEAddEADDEAddead1111,229428386994689949,336650000000000000000,2,1708939254,57930878
0xb1c196995b3ce1e812cf1bd2d4cfbb7bcbf6a974982d692919ddcb664b18aa78,0x16ef04260Ca959C75bd8d4247874517c9cF74d12,0xdEAddEaDdeadDEadDEADDEAddEADDEAddead1111,5724138203004781562,14276000000000000000000,2,1708909038,57838003
0x56617a28c2b1f7cbc164b8d093d8c290a013e6503a4285811f334d76691ab59f,0x16ef04260Ca959C75bd8d4247874517c9cF74d12,0xdEAddEaDdeadDEadDEADDEAddEADDEAddead1111,5724138203004781562,13271000000000000000000,2,1708906885,57831338
0x282a2618f6e4cf323cb9b67c569c6009f19d07f3f50f5bf7821ee2c304cd000f,0x3e8E36AC89A038b5b992499f8E94922E9c76E013,0x09Bc4E0D864854c6aFB6eB9A9cdF58aC190D0dF9,60004867,55004674206797660873,2,1708896584,57805991
0xf86344619f11432c1b01e335c66535c1b32dedfeb0bdbc7ba9ae5e46809a80b6,0x3e8E36AC89A038b5b992499f8E94922E9c76E013,0x09Bc4E0D864854c6aFB6eB9A9cdF58aC190D0dF9,142634867,59704674206797660873,2,1708892772,57798246
0x362320a93cb848f866205e9287257b94463c78497f5a835e92e5042f0ca700aa,0x3e8E36AC89A038b5b992499f8E94922E9c76E013,0x09Bc4E0D864854c6aFB6eB9A9cdF58aC190D0dF9,26242634867,20559704674206797660873,2,1708869025,57747074
0xa03a24b163b2649a7b17e958d7fba9f4367e5fa3b68f27a0a7aac187b2f26d0d,0x1D378a62412B1BD6116d0DB7DfE5d83410387898,0x09Bc4E0D864854c6aFB6eB9A9cdF58aC190D0dF9,22915295792,19825610000000000000000,2,1708843727,57676998
0x5084a300c31ff5087541e48694e04416331c190aaa176df326fd39561462bcdc,0x1D378a62412B1BD6116d0DB7DfE5d83410387898,0x09Bc4E0D864854c6aFB6eB9A9cdF58aC190D0dF9,20618811948,17592500000000000000000,0,1708842858,57674494
0x32be6dddb29587c7e6c8df88ae4190d1ded2d1e868d7c29760fa30f40481300e,0x97D37E8B619cF4C6145da456766CA4FA157292D3,0x78c1b0C915c4FAA5FffA6CAbf0219DA63d7f4cb8,3469708615249645837438,1697959565063786491997,2,1708835063,57653405
0xf4cb71771543c76da7d85eb1b53d267fdd7853546846fb300e437de0b32293cf,0x3e8E36AC89A038b5b992499f8E94922E9c76E013,0x09Bc4E0D864854c6aFB6eB9A9cdF58aC190D0dF9,26242634867,20621819898102374298941,2,1708792877,57563256
0xc1f0007d6d35aaacf5dd6541ea0137e341b1c1764bd345dd1018d20a5a6056ea,0xB577517FB7A0A174551d6933c7Ff2F0EEA3004b6,0x78c1b0C915c4FAA5FffA6CAbf0219DA63d7f4cb8,1300000000000000000000,487400000000000000000,0,1708781399,57536009
0x6df6191c2914b17481ce7380c24c5754af07dd11335e23223f1c020297cec47a,0x9Bf54f8f157F01F22D8A1Dfb287f9CD916b3FB9F,0x78c1b0C915c4FAA5FffA6CAbf0219DA63d7f4cb8,604849360668975379634,241500000000000000000,2,1708775565,57520625
0x2949af10be0dd8e70d1315703d4763edc0ae06a8feef334d7e7f2b10ae39a8a7,0x6D3B90747dbf5883bF88fF7Eb5fCC86f408b5409,0xdEAddEaDdeadDEadDEADDEAddEADDEAddead1111,0,0,1,1708750250,57455349
0x84fd580d48d844554c52ee4267d7cedaed9c0c51c2cf3f0a56aecee22e68463b,0x3e8E36AC89A038b5b992499f8E94922E9c76E013,0x09Bc4E0D864854c6aFB6eB9A9cdF58aC190D0dF9,26242634867,20808856043081688713222,2,1708714270,57351282
0xbb09f80aa435496560ea9cbf1668c690c182891fa2d2bb440b86dbee4691a248,0xBa06CD08589f7aE5827d72026107c5B903A088Ce,0x78c1b0C915c4FAA5FffA6CAbf0219DA63d7f4cb8,1975605121757185504821,701465000000000000000,2,1708711596,57343751
0x2ee7d264591ece96b14ead826782cce90b00b2f9661e7894053d302f89b85064,0x3e8E36AC89A038b5b992499f8E94922E9c76E013,0x09Bc4E0D864854c6aFB6eB9A9cdF58aC190D0dF9,26242634867,20863627641460970713666,2,1708707712,57334341
0x85677f49ee9454af27a08604e0bc712d4f7180fe850221bc7983a8afd415c844,0x3e8E36AC89A038b5b992499f8E94922E9c76E013,0x09Bc4E0D864854c6aFB6eB9A9cdF58aC190D0dF9,26242634867,20937189542690548228730,2,1708689932,57297396
0xaac3756cc1f15e937d17acad92d896cb4be629858b87934f5b30a6030ddb95ed,0xecd01ce2eb33fc1B4588a9f61Ce62B5012569104,0x78c1b0C915c4FAA5FffA6CAbf0219DA63d7f4cb8,1380457292171837346885,628100000000000000000,2,1708681091,57279054
0xd0e4029f2f8277ab104ebcc5efd8d0ce530e8368e4cfc1c053c362f7ad1f4033,0x4936f33b7B060c7336fD0e4c61316EA248DA6827,0x78c1b0C915c4FAA5FffA6CAbf0219DA63d7f4cb8,1300521158186580369084,447275000000000000000,2,1708669962,57257666
0x4ea431d86098d3f0d1cb6bdfed8b212c8fe99eb59d59d5a1074db8ee9fe64454,0x16ef04260Ca959C75bd8d4247874517c9cF74d12,0xdEAddEaDdeadDEadDEADDEAddEADDEAddead1111,5724138203004781562,12567500000000000000000,2,1708653222,57223516
0x6938705f7c094e9208ad9c301a1aa91f4006c76c998c104401506d16754bbf5c,0x3c5Aac016EF2F178e8699D6208796A2D67557fe2,0xdEAddEaDdeadDEadDEADDEAddEADDEAddead1111,538948233584770695,809000000000000000000,0,1708647003,57215256
0xc35e72132c590a401a7bb9b4339361251b91ac4562090c38e1ceadadf5ebcca2,0x3e8E36AC89A038b5b992499f8E94922E9c76E013,0x09Bc4E0D864854c6aFB6eB9A9cdF58aC190D0dF9,26242634867,21179378541790814532547,2,1708624478,57153646
0x98f72fa081131621f8bf86f26887d83ac89b9a37f345b7a0801d0f2b41a2bac8,0x3e8E36AC89A038b5b992499f8E94922E9c76E013,0x09Bc4E0D864854c6aFB6eB9A9cdF58aC190D0dF9,26242634867,21239173169753802118455,2,1708612279,57131925
0x6c9b42b73e3a6225de14d0d41dd37abdd3138ec18cc72084cef12df640cb651f,0x3e8E36AC89A038b5b992499f8E94922E9c76E013,0x09Bc4E0D864854c6aFB6eB9A9cdF58aC190D0dF9,26242634867,21267774972807875174367,2,1708609596,57125638
0x78208a85987c8aa48fcd121776b30a05149dd2ccd01b25e441ae71f978fb1df3,0x5Be66f4095f89BD18aBE4aE9d2acD5021EC433Bc,0x78c1b0C915c4FAA5FffA6CAbf0219DA63d7f4cb8,1349504683004493685984,450250000000000000000,2,1708579265,57041312
0x3eb55db34c7246446843b8e828a054656bb7437d103dd5a2e7df7acf0fdc23f6,0x3e8E36AC89A038b5b992499f8E94922E9c76E013,0x09Bc4E0D864854c6aFB6eB9A9cdF58aC190D0dF9,26242634867,21516265580354291238572,2,1708550279,56956266
0x197f370c3dbd23add69e7c869af879f174b54972099c8d584b2cd1c67485c100,0x3e8E36AC89A038b5b992499f8E94922E9c76E013,0x09Bc4E0D864854c6aFB6eB9A9cdF58aC190D0dF9,26242634867,21578314351433975134979,2,1708541491,56928495
0xd3554d4d3a770817d56bf07dc25573bda05b37d147fa17cde3037035c9e6ede7,0xbA3ee5e1ef6Ff94e408D218E04be1b739B46d178,0x201EBa5CC46D216Ce6DC03F6a759e8E766e956aE,0,0,1,1708526028,56892290
0x1630b3585337e4e5f4e5dc9fd8433f48b50bf1e1efe8e20fda921cf0bdbee54c,0x37eedb7AC276bD6c894e81B8937b0b0BAB154E22,0x09Bc4E0D864854c6aFB6eB9A9cdF58aC190D0dF9,0,0,1,1708519913,56875317
0xa483ddce1213b9a14630e5671d40af41bd9a6aef6f78087dc17c7b02b04dd044,0x53c76EDEB3B27ba1b14FaaD18adFc6B17408C471,0x09Bc4E0D864854c6aFB6eB9A9cdF58aC190D0dF9,0,0,1,1708517692,56869535
0xf480fb8d076105c764b2b819c18d2729b7a486394e98305584e0a9e71eb04673,0x97D37E8B619cF4C6145da456766CA4FA157292D3,0x78c1b0C915c4FAA5FffA6CAbf0219DA63d7f4cb8,3469708615249645837438,1769562027678076608677,2,1708494584,56794219
0x35b458a747a73a8034ba2e7616d9221a524fa0412e03fbb9b11332e18af0b1ef,0x3e8E36AC89A038b5b992499f8E94922E9c76E013,0x09Bc4E0D864854c6aFB6eB9A9cdF58aC190D0dF9,26242634867,21612500000000000000000,2,1708473263,56748434
0xead3158e86e5692997b8b65d74e4dbbe1c012c81b25101f4e07b6776dfd72f49,0x3e8E36AC89A038b5b992499f8E94922E9c76E013,0x09Bc4E0D864854c6aFB6eB9A9cdF58aC190D0dF9,15000000000,12065000000000000000000,0,1708468600,56730607
0xa7da55af7d21f287f1725ec20a080e81094a797e8165d9ad03cc0624d618aaca,0xEEcafff217eAa6928c0cFD89be0613c518cc928E,0x201EBa5CC46D216Ce6DC03F6a759e8E766e956aE,7798305534,7040000000000000000000,2,1708466847,56727893
0x56b39b9b7e895f2a005d32af1acacc67af6b8a994ecc20be4fc2421d97631796,0x7658f261257B99b83527a353e252544B122817Eb,0xdEAddEaDdeadDEadDEADDEAddEADDEAddead1111,1100605781647401501,2417000000000000000000,2,1708461017,56712109
0x68613f8b1a8ac6f6e6431daf64755a80113adcb562958dd111ba97f4b046e20c,0x231D04d32DdC9573b775B1738B51F8108639017c,0xdEAddEaDdeadDEadDEADDEAddEADDEAddead1111,101779724404891365,185900000000000000000,0,1708458500,56706073
0xb16d68e0a557bcaab9752eed9b3b78dc694efe46c5e8ebaeff2906f7436707bb,0x5897eABd827d38A5A8042051b9210bF6802e89D6,0xdEAddEaDdeadDEadDEADDEAddEADDEAddead1111,0,0,1,1708445805,56674789
0x108d316e3b6d7ea4479b671d5629073646459cebdea327a0382747bc2134b1e6,0x0c7BE72E04d4aFa9D848c7346f6984Ed3f41e4e0,0x201EBa5CC46D216Ce6DC03F6a759e8E766e956aE,0,0,1,1708410972,56586908
0x35dfbde88dffd1728f042595e4efa22d206de7afffdf05b5de34689a352178c8,0x2B185C762F6Fb49a07116EC06B238B58Fe2BeC53,0x09Bc4E0D864854c6aFB6eB9A9cdF58aC190D0dF9,72000000,65300000000000000000,0,1708405428,56570451
0x2455d797a87363911ae715f1bb0b25b6d5b50e27e46b3a62ae65a100fec9398b,0x5760f4126aE24e1E0FA650069Eb24bD64e7E3677,0x78c1b0C915c4FAA5FffA6CAbf0219DA63d7f4cb8,2550000000000000000000,1010000000000000000000,0,1708385988,56513184
0xd77ef81ae6198fba57e2d50e6bcbac1937ae9f66a51d7800c78d17e846c2c15e,0xa1ddd3455A909b6C3EfAB5ddc0C2706895104A0E,0xdEAddEaDdeadDEadDEADDEAddEADDEAddead1111,30000000000000000,55250000000000000000,0,1708381549,56494545
0x1f894bdac322f8f0013713d43202b6ec2267870be9842046f227b39280f68768,0x16ef04260Ca959C75bd8d4247874517c9cF74d12,0xdEAddEaDdeadDEadDEADDEAddEADDEAddead1111,3220654335402790623,7040000000000000000000,2,1708378951,56486875
0xa644f8e661949a1305f2d5526750293df42fe88af4c400b2c948508a6fbfa655,0x6D3B90747dbf5883bF88fF7Eb5fCC86f408b5409,0xdEAddEaDdeadDEadDEADDEAddEADDEAddead1111,12000058340000000000,27276680000000000000000,2,1708374218,56477670
0x7915f875a265a4e27c438e569fccadcfd9f6d7883d139bd4d6b57cce431d0a80,0x31DDDf4E2ac81403FA9b993CfBE4CA535a1656b5,0xdEAddEaDdeadDEadDEADDEAddEADDEAddead1111,250000000000000000,236150000000000000000,2,1708368706,56463973
0x436320d9d0e654eca8d06d80bfa6626ed9504293f5c0d338a209cbdc904d7125,0x5A98dBcEeCa053b7845Fc4dD79124F66908AdE50,0x09Bc4E0D864854c6aFB6eB9A9cdF58aC190D0dF9,5000000000,4527500000000000000000,0,1708361934,56449521
0x9f4218749a9abb213ca52257a3d2a21de98e919799d68dfd91bd5af4df2dc504,0xb5693B3FE31603DC8E83bfadf52C00FA294Ddc17,0x78c1b0C915c4FAA5FffA6CAbf0219DA63d7f4cb8,111149856905902170318,56255000000000000000,0,1708353462,56431820
0xb808c4d5cef389f30e0f212bc26e77ebd6043650e5585b8c05b907bf99efaa42,0x5Be66f4095f89BD18aBE4aE9d2acD5021EC433Bc,0x78c1b0C915c4FAA5FffA6CAbf0219DA63d7f4cb8,1239247559798696170467,400000000000000000000,2,1708342799,56405059
0x874eb8bebaf576f7f2d66306a3780341ce74f230357892d2b433904215fd06f8,0x37eedb7AC276bD6c894e81B8937b0b0BAB154E22,0x09Bc4E0D864854c6aFB6eB9A9cdF58aC190D0dF9,1100000000,894425000000000000000,2,1708338489,56392084
0xa0bb648722dcd2aff8be8505b4081457e5b8be1900363585e3186f5084654f1a,0x4406C04A6CbD9f812277e0E85594d809D7454405,0x78c1b0C915c4FAA5FffA6CAbf0219DA63d7f4cb8,400000005068182156416,145700000000000000000,0,1708257644,56172083
0x9a523a8fd97f1a8724de232b4aa3ef5793d8c7202b98ddfaf8df7b55cee3f417,0x97D37E8B619cF4C6145da456766CA4FA157292D3,0x78c1b0C915c4FAA5FffA6CAbf0219DA63d7f4cb8,3469708615249645837438,1795910000000000000000,2,1708233826,56068966
0x142cb6adcee79ba793b52961347ddca8b26635e2da6577cff5e49005bafdc502,0xD0d9E3505349BC945A414A6EC8fF8bcaDAbF20e3,0xdEAddEaDdeadDEadDEADDEAddEADDEAddead1111,0,0,1,1708230197,56057416
0x5fa003fae24dfae9a91ed217ff7b6e8f33eed2e53d11e51ea5307a91672fde2e,0x0c7BE72E04d4aFa9D848c7346f6984Ed3f41e4e0,0xdEAddEaDdeadDEadDEADDEAddEADDEAddead1111,8000000000000000000,15080000000000000000000,0,1708193089,55928315
0xe4daa14b3e9f60daedaef5df8751c95965c892adfa9efa881a7656234396cd0f,0xc6F37fD79af8e95a195BF48059Ab070C32DfF01E,0xdEAddEaDdeadDEadDEADDEAddEADDEAddead1111,0,0,1,1708184553,55901125
0x9d442cc53a541974fa9aad3853644f9cad868cb243e0c7bbde63208071f44764,0x97D37E8B619cF4C6145da456766CA4FA157292D3,0x78c1b0C915c4FAA5FffA6CAbf0219DA63d7f4cb8,3469708615249645837438,1494410000000000000000,2,1708149103,55772475
0x6bbf8683efbfd9e8ba640081b5364fa0d36598d1e0587d4ce452b46c506b1e5e,0x5897eABd827d38A5A8042051b9210bF6802e89D6,0xdEAddEaDdeadDEadDEADDEAddEADDEAddead1111,53530974506061228,119570000000000000000,0,1708128202,55710580
0xed2f4d072655af19abe9b453217a8545d0a9c363cd4c61e9bbdd3edab5861afc,0xD71d837b8ce264E9A24aCF9CdaEED32628acfcc0,0xdEAddEaDdeadDEadDEADDEAddEADDEAddead1111,0,0,1,1708125468,55704780
0x62abb32be20a5cae93632a27407d90ef91e7e1da5f8a8ed2f27c3a49c65ff6e4,0xBd5B329FC929154A61f9Cfb0736f001779ef8979,0x78c1b0C915c4FAA5FffA6CAbf0219DA63d7f4cb8,1553679575011789924891,809000000000000000000,0,1708113719,55670159
0x76ae3cd403c45760108cf3cfbb0b4bc328d45db1b43abc2445419d12d05dd819,0xc6F37fD79af8e95a195BF48059Ab070C32DfF01E,0xdEAddEaDdeadDEadDEADDEAddEADDEAddead1111,51749555308125954,120575000000000000000,0,1708085995,55597809
0x514eaae3ff1ee2fc6f9b56f2689d975ef837dd18fed9ceb94d09a547d95cd094,0x5Be66f4095f89BD18aBE4aE9d2acD5021EC433Bc,0x78c1b0C915c4FAA5FffA6CAbf0219DA63d7f4cb8,1234247559798696170467,401221250000000000000,2,1708083729,55591307
0xf8a42435db5ce7d71ab4dd859dd7777f43f6c07dee5f995ddf6ab431ff2f795b,0x53c76EDEB3B27ba1b14FaaD18adFc6B17408C471,0x09Bc4E0D864854c6aFB6eB9A9cdF58aC190D0dF9,1400000000,1110500000000000000000,0,1708046363,55470173
0x53cd9418fc9fc986db0b2d81ae9448edf94a02ab09799197a894e5aafceef16c,0x37eedb7AC276bD6c894e81B8937b0b0BAB154E22,0x09Bc4E0D864854c6aFB6eB9A9cdF58aC190D0dF9,1100000000,708500000000000000000,0,1708044247,55464163
0xc4aecdbdd9fc0fe15cb17195342244b212f46327bce814f779899b9b708addc6,0x329CfE850FF4CF637aa2353ef2D3672156E54d6C,0xdEAddEaDdeadDEadDEADDEAddEADDEAddead1111,7250496569488062558,10040930000000000000000,2,1708036673,55435494
0xbd2f581b2928d199b1d763361a267e7c2ee5d58cbaf9350c21bab739a0f84969,0x6D3B90747dbf5883bF88fF7Eb5fCC86f408b5409,0xdEAddEaDdeadDEadDEADDEAddEADDEAddead1111,10000058340000000000,21914000000000000000000,2,1708016218,55354328
0x416b6eb0f59d8b3f48d750b74ffceae8fe30276eeeea8f8142c067665be4a261,0x8d893429b077455f0dB9bc005536f441785eEeb2,0xdEAddEaDdeadDEadDEADDEAddEADDEAddead1111,377400000000000000,407000000000000000000,0,1708000905,55315365
0x37e3f981764f04cb3732291e43d0b844aa2d954e4ba76b916c9d50995c48ef41,0x16ef04260Ca959C75bd8d4247874517c9cF74d12,0xdEAddEaDdeadDEadDEADDEAddEADDEAddead1111,3220654335402790623,6638000000000000000000,0,1707999633,55311747
0xcb496466c6f91c103ac759cbf5d0149ce7302d602eaa59cc365f258e2bd8231f,0xC347Bc1c1d6d57Be8d2478b41684Ed18E60DBC58,0x09Bc4E0D864854c6aFB6eB9A9cdF58aC190D0dF9,2371503725,2165750000000000000000,0,1707988346,55274031
0x2c6f1c07f650c78eb3d98f91fbbee23609225cbb18f82e20a05d5f4e00e0182b,0xecd01ce2eb33fc1B4588a9f61Ce62B5012569104,0x78c1b0C915c4FAA5FffA6CAbf0219DA63d7f4cb8,535422360216389197722,346700000000000000000,0,1707986706,55266739
0x77aded9b1c4ce048df68bef74c62c32cd70c1a2bc5297f9ed113702c7da879a0,0x0c7BE72E04d4aFa9D848c7346f6984Ed3f41e4e0,0x201EBa5CC46D216Ce6DC03F6a759e8E766e956aE,9269000002,7040000000000000000000,2,1707973616,55199537
0x0581b4042773a18196de0be9a301d62be3951ce712a5b170bcb36b84a4eeb9e5,0x16ef04260Ca959C75bd8d4247874517c9cF74d12,0x09Bc4E0D864854c6aFB6eB9A9cdF58aC190D0dF9,15000000000,13572500000000000000000,2,1707966385,55155424
0x74dff9634b9b0a56acbd1688905720e6c985cb9a1dfbfe2c42c25838740feaf2,0x16ef04260Ca959C75bd8d4247874517c9cF74d12,0x09Bc4E0D864854c6aFB6eB9A9cdF58aC190D0dF9,11000000000,10055000000000000000000,0,1707961420,55134930
0x728774da4a9e9b40efd6266291a53162c49d78f29a5ff738cf66989189ef8050,0x329CfE850FF4CF637aa2353ef2D3672156E54d6C,0xdEAddEaDdeadDEadDEADDEAddEADDEAddead1111,6640496569488061626,8533430000000000000000,2,1707960024,55128716
0x28d71ecb658082c6bccc7821b242a07c6e5ff53ff65cd92350153ad386093c98,0xFe5000A4E2cD553Fc8cE9133de0ce80C6Ffc4FC8,0x78c1b0C915c4FAA5FffA6CAbf0219DA63d7f4cb8,2472375906759600497372,1160750000000000000000,2,1707957064,55118423
0xfba81887f5f0e7c3618328cfb0a32298dff07fe916c3a057a68adc72dd16e8c5,0xEEcafff217eAa6928c0cFD89be0613c518cc928E,0x09Bc4E0D864854c6aFB6eB9A9cdF58aC190D0dF9,0,0,1,1707953531,55109157
0x2de504fa8b19cc0cb9deb7abbec005004ca28f04a56f3c209274e2dac39f54e6,0xc445A4d722d2793BD351779378AA85fd45adeE84,0x78c1b0C915c4FAA5FffA6CAbf0219DA63d7f4cb8,214983029199306706034,98465000000000000000,2,1707949977,55099017
0xfe65da8af2274e8d8dfd1b7add7e0cc75f55abcfa43425a826e535a976828f6e,0xF446A474512900389C76b31998D1277914e7dE49,0x09Bc4E0D864854c6aFB6eB9A9cdF58aC190D0dF9,6650000000,5331500000000000000000,0,1707943889,55077274
0x544ddaf84957237e4bb7254ebb9599b78d5ecfca3075d6eb18534c1572cadd13,0x31DDDf4E2ac81403FA9b993CfBE4CA535a1656b5,0xdEAddEaDdeadDEadDEADDEAddEADDEAddead1111,210000000000000000,185900000000000000000,2,1707940311,55060271
0x3b43807f4ff1ca3d4fbedaf1874a025cc73d43d7e92e38271fa2249bb17e0b82,0x728E9EBcB91a354b112a1Ecf7Fd9eA8F1806bc5c,0x09Bc4E0D864854c6aFB6eB9A9cdF58aC190D0dF9,2834044948,2618000000000000000000,0,1707914281,54982872
0x2c03d122ea1abe2e541f7f855304c36a726ea6c2376216de4e6df9c580a6fab5,0xbA208F8Ba2fa377dfa9baE58A561D503C3F4d96C,0x78c1b0C915c4FAA5FffA6CAbf0219DA63d7f4cb8,3000000000000000000000,758750000000000000000,2,1707909836,54969148
0x14cad53c4191464b400251943dd611b8c6c7eb98741cdc6f716df4dac05ae824,0x8A97fE783d41CCCA8A5B8e858FB69D5c84b0445a,0x78c1b0C915c4FAA5FffA6CAbf0219DA63d7f4cb8,2000000000000000000000,608000000000000000000,0,1707886522,54876950
0xd2e6f96e3c23395923e591f92d738f38faa919e1939aac32143b3cf2a63a87b4,0xD0d9E3505349BC945A414A6EC8fF8bcaDAbF20e3,0xdEAddEaDdeadDEadDEADDEAddEADDEAddead1111,1603013286068716154,2015000000000000000000,0,1707882047,54862575
0x2d43cf12e725c526c4e7311a82275510c6af2100c17b89e92bdab80019de1417,0xF21D82c520B3598cdafcb7Df697c69f30cAe051b,0xdEAddEaDdeadDEadDEADDEAddEADDEAddead1111,379596228979683910,708500000000000000000,0,1707879714,54854618
0x1b2fecae07d244094b7291545f3b7665d3b8ae12e72ea5aa02d6f60efc50fe24,0xff18f386A5412A1404542936D8Be8FbfEC350fF4,0xdEAddEaDdeadDEadDEADDEAddEADDEAddead1111,1400000000000000000,2417000000000000000000,0,1707876063,54837149
0x90b6b21127bfb049cf9bec644841f0b641081a834f0c38975d91a61a6bbfcab5,0xBa06CD08589f7aE5827d72026107c5B903A088Ce,0x78c1b0C915c4FAA5FffA6CAbf0219DA63d7f4cb8,1720115090396353418351,500465000000000000000,2,1707864356,54799765
0x914606f94f0e7d4d5ee1009b2e4f32ee25f21379fb32e6d16e40957dffd9c209,0xBa06CD08589f7aE5827d72026107c5B903A088Ce,0x78c1b0C915c4FAA5FffA6CAbf0219DA63d7f4cb8,1000000000000000000000,407000000000000000000,0,1707863763,54797611
0x5bf73a9bb2ca4ebcaf39079e2bcfc1f971fb62ad845fc2e607cfd6834c87aa1f,0xA5b5B85f0C5209998Be7aa72e17f0Ae289bc71bA,0xdEAddEaDdeadDEadDEADDEAddEADDEAddead1111,0,0,1,1707839863,54732353
0x7fc29f1f501f5c2c6a7a312268705c1bcdf4c86dc3b8b825fd4a50cdb13911ad,0xA5b5B85f0C5209998Be7aa72e17f0Ae289bc71bA,0xdEAddEaDdeadDEadDEADDEAddEADDEAddead1111,10145361425550075260,107963462237386672554,2,1707839588,54731638
0x61160922ec0f19ea8bac321e597a06d9757787b73a39a7c832a8d0c6db595c11,0x91f4e48384F775B819C77C4901Db6CA6e2E92B80,0x09Bc4E0D864854c6aFB6eB9A9cdF58aC190D0dF9,77632721,66305000000000000000,2,1707822403,54678111
0xc5f220f7749903c5bf009e858ea43836940c619e905cbf0a61c2ea7e107ba7d6,0xFe5000A4E2cD553Fc8cE9133de0ce80C6Ffc4FC8,0xdEAddEaDdeadDEadDEADDEAddEADDEAddead1111,3691703457012880768,7542500000000000000000,0,1707814002,54644623
0x1b9433d82eb5eee72fbbe6f94c2c98a98fea1bd4330181d1831a689098283ec7,0x1D378a62412B1BD6116d0DB7DfE5d83410387898,0x201EBa5CC46D216Ce6DC03F6a759e8E766e956aE,5741850570,4527500000000000000000,0,1707810825,54631883
0xb5cade451c41828e60332300d887d784e3cf51d36431898317d574a00d9a58ba,0x6D3B90747dbf5883bF88fF7Eb5fCC86f408b5409,0xdEAddEaDdeadDEadDEADDEAddEADDEAddead1111,6891058340000000000,14678000000000000000000,2,1707806833,54612991
0x2c1d9691807c6de40612d6e9816ea937be6c11b0eedfe355af5503fcf7a041a9,0x4936f33b7B060c7336fD0e4c61316EA248DA6827,0x78c1b0C915c4FAA5FffA6CAbf0219DA63d7f4cb8,1002000000000000000000,296525000000000000000,2,1707803549,54604183
0x82e051c7bbba85ea80fcd67c6ca2b963271ce163594696a4479735c614f88886,0x6D3B90747dbf5883bF88fF7Eb5fCC86f408b5409,0xdEAddEaDdeadDEadDEADDEAddEADDEAddead1111,3891058340000000000,8246000000000000000000,0,1707800336,54596670
0xd0b7001e485957bb19b2335ee81402292cc9ce2051f51ec77d3b87c956dc2444,0x329CfE850FF4CF637aa2353ef2D3672156E54d6C,0xdEAddEaDdeadDEadDEADDEAddEADDEAddead1111,3800496569488060707,4613930000000000000000,2,1707782657,54549209
0xd9f58d57194701453b2852ce842f98cad41178dec24de8a4b590d67984c31b5c,0xA5b5B85f0C5209998Be7aa72e17f0Ae289bc71bA,0xdEAddEaDdeadDEadDEADDEAddEADDEAddead1111,4178156325623385078,7040000000000000000000,0,1707770925,54515373
0xf1724233fce9cb292a1234dfb1a80c58169d286b23ae897a89ebed936d20663e,0x31DDDf4E2ac81403FA9b993CfBE4CA535a1656b5,0xdEAddEaDdeadDEadDEADDEAddEADDEAddead1111,110000000000000000,105500000000000000000,0,1707767635,54507751
0x1385322816f3185a8fe97da257c2be703535600a87a68156fed9d8936a7260f5,0x7f84aC1632E231582f162CED24d0B3c06A6d0118,0x09Bc4E0D864854c6aFB6eB9A9cdF58aC190D0dF9,99994840,80375000000000000000,0,1707727202,54403134
0xcf0ac869761569d291562f69e80f4359479128cf5de9e814390adda8327a9ace,0x8560293F8D0583118Cc1386133d307ACE5aCC8B6,0x78c1b0C915c4FAA5FffA6CAbf0219DA63d7f4cb8,1490051236906293464807,302687079077773992345,2,1707724415,54394345
0x8a8d0ad954aba592a3c715adf5c28ba55bc4a9dbd048012e75b73a11f6a972f3,0x329CfE850FF4CF637aa2353ef2D3672156E54d6C,0xdEAddEaDdeadDEadDEADDEAddEADDEAddead1111,3800496569488060707,4211930000000000000000,2,1707718387,54370143
0x8aa523a9a4d6f7e6601cec6b0a916d4b26ecc72888ef355c082e3159ab645efc,0x4C3490dF15edFa178333445ce568EC6D99b5d71c,0x09Bc4E0D864854c6aFB6eB9A9cdF58aC190D0dF9,66110190,55250000000000000000,0,1707714850,54355568
0xa572a0d927868b066e3f93f8ee193fe8efebfd61f81945a71e6fbbf6d1d9b206,0x4C3490dF15edFa178333445ce568EC6D99b5d71c,0x09Bc4E0D864854c6aFB6eB9A9cdF58aC190D0dF9,0,0,1,1707712159,54344955
0x7aac0fae0a5ecad0120d6d8fc3465f3ccf35c96031c8daeb6f530655364aa60a,0x1ceed4B97D743903CcA0A79D238327eFD78e03bd,0xdEAddEaDdeadDEadDEADDEAddEADDEAddead1111,0,0,1,1707534645,53869694
0x017a17b37417acecc45fedb817c224f5aafdbd1fc0bf76a0a41b3472e6e7973a,0xDe93A283495fA2834047B53871A8E4e09f96d841,0xdEAddEaDdeadDEadDEADDEAddEADDEAddead1111,459850085020144853,608000000000000000000,0,1707518408,53827838
0xf44f77e6ee85d17ceb8f23ef3ba91ea54178935d69b16c5592c04157cc240341,0x329CfE850FF4CF637aa2353ef2D3672156E54d6C,0xdEAddEaDdeadDEadDEADDEAddEADDEAddead1111,3800496569488060707,3809930000000000000000,2,1707510783,53800463
0x9ab428b0b8489cc814e3538bc8b5b9c5f454619cf2d511d83dab9d8d799aaa55,0xFE49F9193ef934f403455016A191e208dc2374E8,0x09Bc4E0D864854c6aFB6eB9A9cdF58aC190D0dF9,0,0,1,1707499779,53776715
0x58af097138fd985cfdab8915294c5cbb6dab730b433d768a35906a1de3eca030,0x97D37E8B619cF4C6145da456766CA4FA157292D3,0x09Bc4E0D864854c6aFB6eB9A9cdF58aC190D0dF9,2590171263,2216000000000000000000,2,1707472292,53724928
0xbc3bd63c00a17dd0039ef28cdbfb30e9320295d14d3f7d25f7234ef86b2cd6a8,0x329CfE850FF4CF637aa2353ef2D3672156E54d6C,0xdEAddEaDdeadDEadDEADDEAddEADDEAddead1111,1925441719592194930,1864250000000000000000,2,1707468083,53715591
0x79fbfd923d6d87e3e4c2396bdafaf71109dd5ee6d2cad7045c297c06f8114250,0x329CfE850FF4CF637aa2353ef2D3672156E54d6C,0xdEAddEaDdeadDEadDEADDEAddEADDEAddead1111,262472058744852772,256250000000000000000,0,1707459640,53700365
0xc63d276ea2d154e121cd7d1e40a3e52ef6e85cd6ec7bfdf01c8f37c93c654364,0x76fc3cdFCF1EFbb989379118705b92Ce5596dc88,0xdEAddEaDdeadDEadDEADDEAddEADDEAddead1111,3000000000000000000,2517500000000000000000,0,1707431131,53650533
0xec1126c98c8e5c3fa52804a65c815278ff64f26d62b346a94488644b79021989,0x1ceed4B97D743903CcA0A79D238327eFD78e03bd,0xdEAddEaDdeadDEadDEADDEAddEADDEAddead1111,400000000000000000,519560000000000000000,0,1707424588,53634613
0x43e6b78c72c45679e2399f3c43cfca6515e1a43533eb37eddf804d3e32070dc7,0xEEcafff217eAa6928c0cFD89be0613c518cc928E,0x09Bc4E0D864854c6aFB6eB9A9cdF58aC190D0dF9,583669607,459260000000000000000,2,1707419996,53624419
0x46657fdd48b34bcdcfcf1faadbd5c9e840f960a39911fe8c0aa7e8791481f415,0x515F4055395db22C06DA6FbDD7Cac92A08a01EEa,0x09Bc4E0D864854c6aFB6eB9A9cdF58aC190D0dF9,5021985000,4723108175000000000000,0,1707415923,53616794
0x49a1eabfc89bc3bfc3f643fc14ad7eed39823a382b8d20e2377c29d0f59e7886,0xB118FD9852ec6762ed38799CB43F0Ad1f0d29a2e,0x78c1b0C915c4FAA5FffA6CAbf0219DA63d7f4cb8,162965523881797348347,55250000000000000000,0,1707403494,53594345
0xac6def16bfce2c7051dfe63c75e0e01a5bdb9e77aecb5684275283e7c9c19a66,0x5Ba0De4a99D9e3DF62c6b0D02f2F52E7C90a0752,0x09Bc4E0D864854c6aFB6eB9A9cdF58aC190D0dF9,0,0,1,1707396540,53582533
0xb489f054350ce09594f8f8c81a91bd35cd5af919f975666c123e7fae2526006b,0x8560293F8D0583118Cc1386133d307ACE5aCC8B6,0x78c1b0C915c4FAA5FffA6CAbf0219DA63d7f4cb8,1245205904974334677312,356750000000000000000,0,1707390959,53572486
0x59d27cd083e21485a8a0bdf5f845488fb2c5c919c8fb5042aad6348205d6de25,0x91f4e48384F775B819C77C4901Db6CA6e2E92B80,0x09Bc4E0D864854c6aFB6eB9A9cdF58aC190D0dF9,77632721,55250000000000000000,0,1707384098,53558515
0xbae312001adcabc5622957107fdee4f1fc2e1e14b42dfecd3d93fc2246069c2a,0x5Be66f4095f89BD18aBE4aE9d2acD5021EC433Bc,0x78c1b0C915c4FAA5FffA6CAbf0219DA63d7f4cb8,569247559798696170467,155750000000000000000,0,1707382725,53555003
0x62f458a67c46964c56848f1954d2782659512aa6292b6c161a8cf7a13d29a9ee,0x7Cb552152e2b28F9f6911c51B69B0d8D1FADafe1,0x09Bc4E0D864854c6aFB6eB9A9cdF58aC190D0dF9,149459242,60374999872398361044,2,1707372950,53531519
0x140fac4d1b8d26ab45d07a997b2a8839d6b1aed01a8b4f1cfd7e00cce1a46f63,0x4936f33b7B060c7336fD0e4c61316EA248DA6827,0x78c1b0C915c4FAA5FffA6CAbf0219DA63d7f4cb8,1002000000000000000000,256250000000000000000,2,1707370080,53521932
0x37fb34c77a7e5a724dc99705a1b73b88b1a2a66a16c794e22376f7f4bb3f1029,0x4f6dbDD215D8612B8e41a1950A3CB10e1624BA70,0x09Bc4E0D864854c6aFB6eB9A9cdF58aC190D0dF9,3126523086,1614250000000000000000,2,1707367539,53514606
0xb4ae6b536c310772299749ef7f0fcbf65919d0ca5c7a41e6f241d9c5f3445731,0x7Cb552152e2b28F9f6911c51B69B0d8D1FADafe1,0x09Bc4E0D864854c6aFB6eB9A9cdF58aC190D0dF9,149459242,80375000000000000000,2,1707364826,53507628
0x891cadc955ca8b7196d83d961b186d402bc74f78791d39b438b7112e71aa526c,0x2c0B08C414A8EE088596832cf64eFcA283D46703,0x09Bc4E0D864854c6aFB6eB9A9cdF58aC190D0dF9,1250000000,909500000000000000000,0,1707361198,53496715
0x97a7c37953716760cfc55d22539f953e3c58777e8c6efafc858e446013e8c911,0x80B70C055f4595544f325f3671cb98bd97ed65f3,0x09Bc4E0D864854c6aFB6eB9A9cdF58aC190D0dF9,335000000,286400000000000000000,0,1707357202,53486054
0x86ee9636d649c367f1f3f14e53597ca411a5dd0da5a367e87cc3a3f796f701f0,0xD71d837b8ce264E9A24aCF9CdaEED32628acfcc0,0xdEAddEaDdeadDEadDEADDEAddEADDEAddead1111,132400000000000000,105500000000000000000,0,1707353575,53479124
0x2230e93d9873e2dce531037003cf6547946a56615da5c7ea27589c506658681f,0xEEcafff217eAa6928c0cFD89be0613c518cc928E,0x09Bc4E0D864854c6aFB6eB9A9cdF58aC190D0dF9,550000000,407000000000000000000,0,1707349280,53469240
0xcc15e16e4250abf08e2a0942dcb4e6201f9f64aeca1ef5ce43d40cf001128279,0x4668B69ec8a429597Da7530a8e328f6CFB96D71F,0x09Bc4E0D864854c6aFB6eB9A9cdF58aC190D0dF9,9000000000,4879250000000000000000,0,1707346638,53460519
0x9be0c63da0b1ebbef35529b53a9651544e5bae2eae1528e74b917b763b0ed291,0x687bD49516Dc9a066e9c43f3AF8bB439317D31c0,0xdEAddEaDdeadDEadDEADDEAddEADDEAddead1111,32847523092080368,55250000000000000000,0,1707340089,53436735
0x19b9d23e0cc4fefb75b694f44d1fcb491f51e080f154bc77812dcef2c5a0510f,0x687bD49516Dc9a066e9c43f3AF8bB439317D31c0,0x09Bc4E0D864854c6aFB6eB9A9cdF58aC190D0dF9,80000000,55250000000000000000,0,1707336414,53428440
0xae8466f79fc6c092f7dfd6e850c9da5e8c9043ab4683ec8d30c442d8b255e729,0x7749876413881F2AbF4a196A01bF5C0E49958BAE,0x78c1b0C915c4FAA5FffA6CAbf0219DA63d7f4cb8,200000000000000000000,55250000000000000000,0,1707263793,53246926
0x21065750e5cc5044138f3e144ad1419a3430dabf1fa2f580f425ffd32250148e,0xbA3ee5e1ef6Ff94e408D218E04be1b739B46d178,0x201EBa5CC46D216Ce6DC03F6a759e8E766e956aE,65000000,55250000000000000000,0,1707230359,53151659
0xdfafbf17716135163987c85b242e53058e4f23544d4aab7d98d014070c456b40,0x687bD49516Dc9a066e9c43f3AF8bB439317D31c0,0x201EBa5CC46D216Ce6DC03F6a759e8E766e956aE,95394991,65450000000000000000,2,1707151842,52958226
0xae4e9904e0f45ab8b4f9b9eca64b4057eccd0927f9233942091286d812448c78,0x9E9561666759943285dBF775475B6E6ED28Bf1D4,0x201EBa5CC46D216Ce6DC03F6a759e8E766e956aE,80000000,55250000000000000000,0,1707038009,52649260
0xca7da95355d6e6200cb298e374ac5ad9da5e500a85bbdbe62dd978a5ce83cb2f,0x687bD49516Dc9a066e9c43f3AF8bB439317D31c0,0x201EBa5CC46D216Ce6DC03F6a759e8E766e956aE,115394991,95450000000000000000,2,1707025315,52613725
0xdf5a2eec5ba3d3da2f1f0785787f0ff81539be0253533f904dba1995a3b9a1b6,0x97D37E8B619cF4C6145da456766CA4FA157292D3,0x78c1b0C915c4FAA5FffA6CAbf0219DA63d7f4cb8,228402325938553196835,65300000000000000000,0,1707009666,52573906
0x58126700db77e3091c91f620dea4d61c5bb7fc9ee41b3983b9dcb9757ce6eb6a,0x687bD49516Dc9a066e9c43f3AF8bB439317D31c0,0x201EBa5CC46D216Ce6DC03F6a759e8E766e956aE,116394991.0,95450000000000000000,2,1706891433,52293717
0xc0bcca487931cf1bcbb58ea656cd56e02607247a486d3b1415bcd24e3154bb1f,0x687bD49516Dc9a066e9c43f3AF8bB439317D31c0,0x201EBa5CC46D216Ce6DC03F6a759e8E766e956aE,118394991.0,95450000000000000000,0,1706821432,52100154
0xcda2d6ba2ae69ce099316b9695965b2c60be30044e5f93ebfab64d8bf3e16410,0x16ef04260Ca959C75bd8d4247874517c9cF74d12,0xdEAddEaDdeadDEadDEADDEAddEADDEAddead1111,2.81e+18,7.05243e+21,3,1710962832,61416260
0x40d44b000b39981d5153bdd8f5dceb05f98e79d18333b17e5a55f4b098392ae6,0x1D378a62412B1BD6116d0DB7DfE5d83410387898,0xdEAddEaDdeadDEadDEADDEAddEADDEAddead1111,1.44e+19,3.72895e+22,3,1710850162,61359925
0xdb13e0834210cc4fa7a3f2a7b049c0c0669584876d31e63ba0c9a4113c3137a3,0x1D378a62412B1BD6116d0DB7DfE5d83410387898,0xdEAddEaDdeadDEadDEADDEAddEADDEAddead1111,1.46e+19,3.81345e+22,3,1710837994,61353841
0x5786d93639351467bfd6119887d7a4e5ecb8d7cd5e816bf516f1f12c6868a0d2,0x1D378a62412B1BD6116d0DB7DfE5d83410387898,0xdEAddEaDdeadDEadDEADDEAddEADDEAddead1111,1.52e+19,4.00518e+22,3,1710784592,61327140
