wallet_address,chain
0x370ac69943e09e402fa8ce377e30d565a27b1592,MATIC
0x0849f5477813c0acb47aaceb5fb64da0ea5256a5,MATIC
0x2d8ea9bcf57a8456085947ab4752f3f9104fc7db,MATIC
0x03f2b37a122c55531702f8013f61943c687eb413,MATIC
0x91ddeb35264287785762e666b5fba5da9e83b5c8,MATIC
0xa5bc6a65d927b70a7dcd1f76233eb2c31649a9b9,MATIC
0x25da992fd0f68296a2659b69f1642f0d55360993,MATIC
0x151f441c27734e78544697e4e1d4e5a77837e6a2,MATIC
0x58c1411352ed9eddfcca1f8d82ebb03a4edc1270,MATIC
0xd7128c6b3067757e75657541d9a9ddddd38f69e1,MATIC
0xa9c85d5408c0ff3528ba7bbe063bfa4ea39617a2,MATIC
0x1d5603071b3a2c68c6fed879efae6f9ae4db84a4,MATIC
0xe96400ec438e290aa549fcf1cc0018df3f09d6b9,MATIC
0x485356d65df969a603ec797e20fd93bb20fe9eda,MATIC
0xc75441d085d73983d8659635251dcf528dfb9be2,MATIC
0x6244cb96a99b7557c0ed56e7633cf2c70e435b82,MATIC
0x6d4ed8a1599dee2655d51b245f786293e03d58f7,MATIC
0x3e6edba22d9ce22a7168406d26598ae20fe08e41,MATIC
0x51ee2b96666a2cb904c30129db91ddf1a8806086,MATIC
0xa8387622efa57f1b1b5b7dd68b4a6c876a22b6ab,MATIC
0x800f91aa25b91ee3bbc1cce1dddff43cd2e62076,MATIC
0x346348596e2a82fa6257e6c5494daf687f5e51aa,MATIC
0x21b7b807b86a678ec7efc3448ea893d3d641e1e2,MATIC
0xbd02ae8b1eab6c49a1328a9cb3162ce0fa97730a,MATIC
0xba5e26770db2706c13da908b207431172012acd3,MATIC
0xdabb2a94f44bbc7c095ff0483ef07bb7886a45ea,MATIC
0xd33ea7fd39a92a361ce394e9f3ff7f5741a64e6b,MATIC
0x5e87aa4163ab6ea19cea6d823eeba7015816dc26,MATIC
0x20897a7d7e7bdc6fd1245561ee2214d47edbeff2,MATIC
0xe7ef5f4803e85f91871bc8f4a609b954f2112ac9,MATIC
0x1fcad2f019b595291efc1a9b9dcf8d29fbcf0010,MATIC
0xee43ac49631b4488e7c2c3d7e354ca1e17512fa2,MATIC
0x9c4b88fbe06b6b1e461d9d294ecb7fb0c841db4f,MATIC
0x991c4d7d1c194a6753799f788fa49218181ccffa,MATIC
0x93bfc4f6dde450449389e057cfc3e8dff1340f2b,MATIC
0x75fa74606b95877aabf6bef66db511c36492e66f,MATIC
0x078b5451242d39091f03acc835239372729fb9c9,MATIC
0x889b409a1b2232a08dceded878921dd30e703ddd,MATIC
0xea16545cf2e4c30b38b156cda0972be63ce71d50,MATIC
0x41ed288dbf8493310d2bd57067c226a96610d2f9,MATIC
0xaf0b68a684e2b7961a0b6078e36f43d6e990e54b,MATIC
0xcc106c96997ffc520a2018a575bb438d5243c931,MATIC
0xbaf88b32025aeaefee010013da46098382475ddc,MATIC
0x05a9b863da79557856529fb2ffeaddb01b66bf17,MATIC
0x970e467bd9216f5ff20d2db55f0ef46f35bf855c,MATIC
0xd7f50e71a6c0525479abba17f02eddb55b6f3ff5,MATIC
0x66c97dc031bb2f6ad421cef7b01de0ca2ae4fe64,MATIC
0x78d4c94b1284d46d238c6afbbbd115385b1b36ec,MATIC
0x77fe051ec66db6c444386918600116b047b664e5,MATIC
0xf27071c352d1845c101d8181aa4ea70f8d0d6b68,MATIC
0xb39d022edf05c31e1981f4f4d8137dda9c57cfae,MATIC
0x89a50c9f4dbac2ae81be76763da28a8f96ff4fb0,MATIC
0x1fac6eee2197c98d1ef0f166eccffa8632e9a279,MATIC
0x91ae6b383fba985f6641d46aa4f6be41f081e347,MATIC
0x48fb55ed1fb62ed26274fb805f6444bea97c1f28,MATIC
0x6aef48ea854bc0e805232cecbab2fab592037c19,MATIC
0x06edb03f407e4bcfa77beaac3504e9d958b47b58,MATIC
0xb6fd60d7fe060098c46ab96e3b3618b2239d0940,MATIC
0xbd07c5a0c16fed711326174a2e6331d15ea65d24,MATIC
0x208d19d4d5d9ca3debde5ac6bfb0685799d5fe1c,MATIC
0xae69116e4aa49645f78c1fc9f28f677aede0d153,MATIC
0x69b8903c257a68001264b0cb2c58494cf33366d4,MATIC
0x27211186a6aca2c1371ea8b3deb528659a118081,MATIC
0x28b37d7f235fe68cf073beb87e78978bc38eecba,MATIC
0xf90f56afa1dae825db57fc305b2f8f1ccf337531,MATIC
0xfb953d5c69bb04461b74e13655072eae8fb384da,MATIC
0xf932b2ef867878e9788f074edded763a08481003,MATIC
0x1a66536999b66f6ae13508fc198a06615a11cd77,MATIC
0x1aba64c3535dd573ddac5b922ee61e158b99f1b8,MATIC
0xb7a85941f0b8ba6840176b6046ad601ae5f7ae38,MATIC
0x4f0288bb195355af52ec9507af51cc1076476c76,MATIC
0x56f2c4cb8518d0a4ec749593df574f7597a36140,MATIC
0x879b3be1d272a97a741c711014c49c3aae4f55c0,MATIC
0x24449a0725fe07533425d2014fa48f10eda621d0,MATIC
0x0b441f4c9798dc7dcf4a5f5ab4ea53f71ab39a7e,MATIC
0xee0c4d2e3000f6c82431912934b7e6e411e77334,MATIC
0x93a24be7d7aef1fc9da63f92f366c75070bd3550,MATIC
0x70f416573c1ad0945cc3a87e7d806206a2493c0c,MATIC
0x98128209a91ea05b373f3c0f7103bc55a45ac99e,MATIC
0x93b263affcb77246d9e49531a728c673353304ec,MATIC
0xd6a8a9eafaccef0e2f2e87941431712268f5dea1,MATIC
0xeb6d9f182cc3acac423e955d29bf1475e6d4f055,MATIC
0x902c97342857a60e9866e9eee97530103a691408,MATIC
0x18e6cb6020957b416f5ac2b11962007d3cc60bf3,MATIC
0x50607dd638955776795f8b732acfbd0eba64cbbd,MATIC
0x6c34b59083165285081c8405f1fdad58c59bdb40,MATIC
0x53991fc4222034093f8f87dc0d4d1f5589e6142d,MATIC
0xf5d63d1bb75e2f8eb5ce711a6252fa1183807db7,MATIC
0xe1b84a8cfd690a0b34af8ee610b7ffbe123d8608,MATIC
0x4515b252ce3c045878e4fd3cfda5c83f00c4b32f,MATIC
0xad87562f0e367d899431880e478711aa276d9924,MATIC
0x4bb17f45b9a00451383166782c9cd6075ad5eeb3,MATIC
0x53d8edf6a54239eb785ec72213919fb6b6b73598,MATIC
0x2a4455d320667f6a69fe539f2971c57fd3020e0b,MATIC
0x75ca19246cff6ad853975e2babdc93053d326800,MATIC
0x7b901288d982c208f74d2d68345bef338f23406f,MATIC
0x4a3e3fed9e90b7e675399a6341ce45b83ee503a7,MATIC
0x7fe4d3f9a56444a7a779d691b1c1c2421c0c9aab,MATIC
0xa67a47cde806b0845af7de85908d6f6e47fda455,MATIC
0x83c6326592d5e3a2430b4cc6776c4eba81a27013,MATIC
0x94890d61a7c35f9d98035a4b64009aa2fd7fdf88,MATIC
0x1489a4987dd9c2dcf1d556eae2f6814a6a863368,MATIC
0x33c33e91ef503665dd2299bd036d8db3f0beb4a9,MATIC
0x8251dc26cfccc919b49c909d805576eb1bb15709,MATIC
0x138d2eaa9014e8f675b3a4b17e3cea3c0ebf17e0,MATIC
0xcb6586874cc04b01cc4fdb777de502cea7b3d6c1,MATIC
0xfdca11dad6e9abda41dc339a91f87f3bcaa30343,MATIC
0x3d045f52223a9595fb18377b6ca7ac8e220ab35a,MATIC
0x9a3ce880470cbd7f3e00e4c1c4ce0854652e0819,MATIC
0x7e689c1ef962160685da69742170b3629e6299ae,MATIC
0x05f4ccfe7747aa083954f54c6c67e93882c6428c,MATIC
0x03536c926c9fd2ce618c9e8175d86b3b7f68e2ed,MATIC
0xc7ab7c6ed66efc72ed52503626819a8d10027970,MATIC
0xfef82aa0837154db921257730b9fb1b16e16afeb,MATIC
0xd44bd5996ce9e6d1f01388878ed02e3ceb49925c,MATIC
0xb64e48579fd74c1f48d5aa82fe70475544a56a71,MATIC
0xa028dbe15c42edf62734e3c2298464a0cb753193,MATIC
0x3aafef5b6283af44818c156e982efad1e27bc591,MATIC
0xacf89c236462a336917817b1d91fde5488ffb3ac,FTM
0xcfdbc75a72e630d99b4b45039d2d2770a181313c,FTM
0xd51b681526ba8ec9f54b07c3274a9e5bf0c10111,FTM
0x370ac69943e09e402fa8ce377e30d565a27b1592,FTM
0xf617c8f8a91e11283e17f0e33fe58e9ec8c85848,FTM
0xcb781ac66d7994d76576d272cb9907c422aac79a,FTM
0x2800d8f97d54b283f782db3b005ad8333c166b39,FTM
0xfe8427a949048d14bb26778fa1253d79aadab6ee,FTM
0x8496a90040cd99f99fae94f7d467c6f669ca4570,FTM
0x00ab97c782c661fb3d08c96dce06176938101211,FTM
0x5be23238ebc1a79914f4376781c71a2b37c49892,FTM
0x69cd1c2e13113c09a22ff98cbd2db3f682f716b4,FTM
0xe1b8ab1ba3524b05ac7ecd2354b525c8dc0af635,FTM
0x93e5de52d6bc3b3f85f4df5e03ca6060ae8d045e,FTM
0xbbae0e0795294bb37f9b7cee715e7f15602f67dd,FTM
0x0f8a2cdd0c42ed4944280f225adf505f0d3f66d0,FTM
0xc7b77336ebf08a7938b1eb2ede0f392a2568e45a,FTM
0x10d094bbff45b68f0b5261dc84cc724908bdea33,FTM
0xaa2d91bb050c99237d51a33958f1efdc1cabb52b,FTM
0x1b0a9fc38bc94b34f510ad93eb341a0ac021da93,FTM
0x917fe0cec2cc73098abd2a9fc3dcba26f4fdd911,FTM
0x5b655fecb44e923dc96808eab35e95f4c915655c,FTM
0xee875d6d527501e7c3ef84543977c8bab8b97095,FTM
0x31e07e1c36d10ad25d8e03e064a5ba4d03482826,FTM
0x8100c6d03bf91c4c524f1356ca27b51d3cdd9be0,FTM
0x944398325ae8b4971c5fd08255cfda66f59c7df8,FTM
0xa178682201119217d88cdee77d8651e6b82075a5,FTM
0xc435bd028bf383042d860c4dc5dbcfdc4a98eaf2,FTM
0x89e648d36d3d67c4e9b70113308a968accbe7ee9,FTM
0x8a87448948625e7ea7822bff2c740c5cf9723d4c,FTM
0xa6861734e12e45e3b3a1dfc3d06d1bc5d3c34589,FTM
0x1da29ca4e330f0faa816edb6b55b46f9ee453f7f,FTM
0x913d97dae24a2564b0b092fe99e0df5291a6c086,FTM
0xbdd87a9b51c9321955258c831ba2b2533a2600ac,FTM
0x9d4150274f0a67985a53513767ebf5988cef45a4,FTM
0x00bdef65125c4a30d7916a05c5c8616e65810adc,FTM
0xd6f631b373b7603d57bde133cf7dae8afa46f742,FTM
0x30f5ebabe646ba3f8c1ef97c462baf23699b865f,FTM
0x55bc5e6ad29da823854822749fd2eda2775c78bd,FTM
0x656a41eebec46a6f3709783c8c93c2e522d2afeb,FTM
0xf343e409f07d21d7710a680d9ee07e8ff609d60b,FTM
0xaabe54decd75f84501952a6318174ccee0362724,FTM
0x21d7e1aae9b41403ecb750cf6fb3e2a853957507,FTM
0x13579715cdeea6e1e95a5443d83021c503e66fbd,FTM
0x994f8e8c62f454a79c4f8c338187426370e96c2e,FTM
0x820df4f7b96ebcc0aa7bfb3ab6f88372d89af4bd,FTM
0x5cdb526e3024e5d4de0212c8e02d92e504f63c4c,FTM
0x17451598bf282da2367e3fd1823f871f4b42b9f9,FTM
0x5ca642d0138f8fa36f4ec6311190825392246ada,FTM
0x60c2a298496f183d24ce7c0e969cbafc9fac2d06,FTM
0x079137519d88be75e0080c2ea53a02f0e7070158,FTM
0x2d56f14f7623fa1ab587e06a630e82daa1425631,FTM
0x93bfc4f6dde450449389e057cfc3e8dff1340f2b,FTM
0x652b4960411bf35f1e15ed7e31d1554ab441ff39,FTM
0x7d374fe73fd8358a93c53e978477f7ba4129be0c,FTM
0x2dd0415b31c7da256d7abdbe236e78512b1d29e3,FTM
0x44323bce5baa98d836418d3788611dac6795a64f,FTM
0xed0e22b66f128367f5ffd2b7280efddd12acc243,FTM
0xdb8531115c50c5a24e8400a832ef52de87c999d8,FTM
0x37633c9f778c44e852914c7056cbbbf75323dfd6,FTM
0xbe1d7136dc7da1a6c01fb8a8732c0a8095380494,FTM
0xcf24263098264423ad2a2b9028f5dddac79a6c47,FTM
0xb85ca8b4ee48c5b00db26de546c1df24c77db7b7,FTM
0x8f2c46ce880c288bbf0926123814496a9842a591,FTM
0x9a7a6e6b9d9000364425d5781cf1b688ad076042,FTM
0x52eb753f528e3113099bbc8304233dbaa49ba9b3,FTM
0x2120ca02c75a1ed0517c9a0866c18d728e33a65d,FTM
0xf27af189ff92e98cf1c8d13ead891b629ece36cd,FTM
0xf6d5bbf160cc356d93bb617ffa0e56cccdd390b4,FTM
0xac8557b877e3fa9e5f21185929e17515fba1c2fb,FTM
0x2e128bbaf2cf7f1523a434128d91c642c5c7efad,FTM
0x144db4e3d28aca86ca6cd7ad6fa3cdabd3200ff1,FTM
0x91bf93e274e5e15a31cf748cae0ad5d457dcd5f2,FTM
0x5789c52f60d7534cf6b42211021befaa89e8ff19,FTM
0x53d7753b2eab42302da5ed0f4b2b81529639fd1e,FTM
0xc4471730b451671210efb86467233b13dd034338,FTM
0x1074e7f0c37e84aa407434862ad4580a01345bb1,FTM
0x25367c74ec6967a3a05cd08a45efe15e58b7146b,FTM
0xa02d5126317c5ce85acd8b0ad1d35f944beb441a,FTM
0xb873312eea2b9f07e73f3df5f628cf4e01026632,FTM
0x2ab1e2ef15386f12171aec6c50c9c508f97859e3,FTM
0x9945daf5dcd39c9a3556d27c16af343765e5630c,FTM
0xef6a22af4f9e13bfdea28f10a1cac1ab96387dc7,FTM
0x68f5da4a7027705590220143ae1073877076fff5,FTM
0x37df0e34dc942d2ab60206748fb101fa51fd7992,FTM
0xc742f96b002d74bf0c79dd79f57149b1985e6ed2,FTM
0x0849f5477813c0acb47aaceb5fb64da0ea5256a5,FTM
0x321610a131df5280921d1ff04df8a13344bb53ae,FTM
0xe434109ebbf886fbfc2a364dd7b78bd3d79279bc,FTM
0xe8a30a34ba93de71fcf77e2c4bb228e982976f42,FTM
0x9bce3fcdd251a43ef7aa987f2d5ebc0a29ace7f1,FTM
0xf73bd5710d3e3d4e8db7ec6058f9fb77ff8414e9,FTM
0x8e900d7cc784a47b2f5b4baf0871aadf792d0cc1,FTM
0x0cf598c6c6f7dd5f9646d9489e5bf857d2a5784d,FTM
0xd511f7d8738e519820f4e4194bddb253c1ce517b,FTM
0x1ae74f5f0d55d82ab60b381cacec1445eaa1b26a,FTM
0xdd4760bb644bf9e9a7b73addc9f6683b5b369315,FTM
0xada1d6af9cbd228d259b5946f1bee9330d9920e2,FTM
0xab35672080f71cf3e49ad17e5a9aab5088789178,FTM
0xe116d5f4ccd817e93a4827b4b1166fb3fa61bec5,FTM
0x5534c5891bb6658842975829a5773a4da39980e0,FTM
0xdbf47b0e9db63702d2e696de19ef954f411b513c,FTM
0xafe4afadb249c8345d757dd913f8985191d88893,FTM
0xf9676212112fe8d3521cf5f855d371a4ce7de650,FTM
0x59cb9f088806e511157a6c92b293e5574531022a,FTM
0x2f363ea6a0ac8787899999d4da3188b45a234b60,FTM
0xba9b8e4355bd706e88be4cfd856f8088aa6ddc72,FTM
0x41a6ac7f4e4dbffeb934f95f1db58b68c76dc4df,FTM
0x1d378a62412b1bd6116d0db7dfe5d83410387898,FTM
0x40bd6e764dbc5c7268aac775d8978881b16221f1,FTM
0xc00a6614b8030ce216302016e11c6b4140b5e499,FTM
0xa3b926f6d2bb5507fe711847640ba2086cb11a75,FTM
0x56f2c4cb8518d0a4ec749593df574f7597a36140,FTM
0x3db70c686d37b62ab6e3470abb55a216b4c9be8a,FTM
0xc677e71b02adc94534de993a907352f748d21143,FTM
0x50e42180110746d6a5701845af1d99d60b3a2b34,FTM
0x6aef48ea854bc0e805232cecbab2fab592037c19,FTM
0xfc961534a0a55b925db2c5ee546c8a019c0d78d5,FTM
0x835f394f3d770b6ff818303f045e39f541b3d781,FTM
0xd93bab51cd83881ce1228650b9798ee8fc3e746c,FTM
0x48fb55ed1fb62ed26274fb805f6444bea97c1f28,FTM
0xc78e8ea590c6c75c346fe8c7b1ef302cffb9af0a,FTM
0xfc134e77ef0af746851d8a8c8c92ea2f0fc7f775,FTM
0xf7778bb66a3332070f7051f7c44f03a3227d85f9,FTM
0xe80a0a301d4affc9527d9093c645c6920ffeae1d,FTM
0x3a9c81fa92136c8062cf4fc838e9032c54ad2356,FTM
0x571ebd4c979f1725593bfb129a24d595d6adfc23,FTM
0x29b8792e0918fa0308d226b97e4de1cf3f586328,FTM
0xe7250b214a98f36a78aaff673c40cee79dcb3f33,FTM
0xb6b2a09afd721ad5742566fe3f02aca3a2a6017d,FTM
0x63a02d5290ac0ea280f863b11a7e5d897a05461b,FTM
0xd89e9c7b9fe41c668960b81f4987256b2fcc5ae5,FTM
0xc147015d3298ffa4139205072f7c7400fe4c073b,FTM
0xc73a0ba657374de66feb4268f3d2ea5f4fbd5350,FTM
0xf3861a66efb41c3a542f86bcd4cf7c1f44b4f01c,FTM
0xb80da9748ea8f82a442500d4d33893fa3cfb620e,FTM
0xd3a13cc4a1108944b0ed45aa4428e19a17cca9b2,FTM
0x87e5c3523ecf3c2e8a90b57892fff702b723fcb5,FTM
0x8476628f0bb288822c01f718f4ad79991848c92d,FTM
0x6666e1c7663e32eeae4b4ba79c6e73765aa41101,FTM
0x69b8903c257a68001264b0cb2c58494cf33366d4,FTM
0xa7132f36d56f88c42708f869e1980c4ff4bae892,FTM
0x9ba1be12f267cf324d02193de440942e44698117,FTM
0xd0fe107caf81614a0435a6ec9c9c40b3e63f9b66,FTM
0x684c40a9e5fc750184cc491738d70397af59ba41,FTM
0x096e182e1e574a63324eac77a12ba0ae6f4a5e1a,FTM
0xbeff46f500c3dd2a6301b9d869fc49b47302327c,FTM
0x0c5e7a02c15443dc420763c04d36d7aab7c2d4d0,FTM
0x3a4fa1bfc8ebb0c958c4cb6c0b72d53c3acdece7,FTM
0xcfe8ce9eece778b1f71555b56f7fcd68b17226a4,FTM
0x7b8f6466a64d883e1ec7180923bfeac2c2a59679,FTM
0xc558b5e3e92dd023b033d03a09886af3eb2cec3a,FTM
0x4dc834b52a7308b39d287c8b210a3f1a2a2c5411,FTM
0x59512422af0709c7cab8285838975cd8d7c7ce7d,FTM
0x0899a0b74ebab3f637b59dbf90883e6df481fe00,FTM
0xd59586b52f6f8c90c04c2b9718be7b2ac7d6cc61,FTM
0xd6fd705ee0b31a9300d3e2154bcce777270cbb6f,FTM
0xcba1dd242207088042faec9a8adef88409b59fc1,FTM
0x7472c48649d797e06022f28f4a8f58cb1c001b27,FTM
0xdca555a01ccbcca90b7f0cb3dbb970ebdc99189b,FTM
0x562e6a7c8dc2c80014022a2da2c3c76ddf1d5741,FTM
0x9b9acece65c1b50113cc615aa9bae887302dbb4f,FTM
0x30044b7c080a6e456386d5b9c370dc7c259ae2cd,FTM
0x834e48ed3b1a7787b481cfc97e156772f6981b3b,FTM
0xc06830694a5c22278ce214cba0df198486a68d91,FTM
0x4a35d869d28da18eae3f10d6059c343d9e944748,FTM
0x9aaed9fbf4dab79296190817b85645d3c9dcbe7c,FTM
0x3214e141bdae08be1f382a885cf3d2a448a5e780,FTM
0xdf16a184a46c604d1eb15af70f8febafa1ddcf07,FTM
0x116e7dbd690d6624feef080b9e8ebd6f967fe315,FTM
0x8680b61c2f2ca7ec8d70ae7274b9dcf62b0426f9,FTM
0x765fd440bacbd1a34ba08f0ffb823fce62f06c2b,FTM
0x703bbab0162d68a0c0a9378946caaced668ba391,FTM
0x7716aa141f71deda152e1d39ff0d6f7a07d484fe,FTM
0xd20f1da8de31810c076983f759807842de9f59a6,FTM
0x72c5cd18a51d53db34072546a7a38a4f73600d92,FTM
0xfde34a676aa8d44b66d5ced822831a5b1454f8b0,FTM
0x7667c10dfd017ebcd0a79694fe1066b237619224,FTM
0x0708b9d81726f7c9f1da5e79c21a0bf6aabb40e7,FTM
0x4936f33b7b060c7336fd0e4c61316ea248da6827,FTM
0xb495023d8eb9526d8ec346703f2cff12f2a6963d,FTM
0x700e7d3eb1127336dc51de98a6d968d4c24167bb,FTM
0x37680d9a1b147b2280eba720d44e74afa6bdc292,FTM
0xadf228a1a9e705ca02a998e1b1bc6f14b3bba908,FTM
0x2b5a0be5940b63de1eddccca7bd977357e2488ed,FTM
0x4accc4f0781594deb1c382ea8a04b566927cfbed,FTM
0x0ef6c35fc31b7b55923b8ad14e71f8353b8faff6,FTM
0x2a34a8f3b7a7e2f8a0ac6e013b3664776ee8e0d1,FTM
0x733ab147ef8f4efea84ced248f1afe74fbe21582,FTM
0xe027880ceb8114f2e367211df977899d00e66138,FTM
0xa58db6eb6d41206fa4d530e9fb235015babdf55c,FTM
0x6c2e73d510d9df0b154bb8a0abca71d2ceb27883,FTM
0xca6ff42933c0c76e9ae059b495476fad3e366494,FTM
0xf8f72d8623d04c4890a3a2792146b16691dd3e5b,FTM
0x8c01b3606761b2aa382afbc7fe4f9b1335fe0860,FTM
0x9b6d3f6fc8e477dd7bb6f177f1321cdbda13984f,FTM
0x12571fddb14763492e9cd0e49fe56f3bed277f2c,FTM
0xc38e6640816b2731ed595780582a87c9b990d0c0,FTM
0xc4d7ac4e708960fe9e2eea19556f46650b599994,FTM
0xa7a7e108a88e137ff754306a9501e65c980a65e6,FTM
0x1fac6eee2197c98d1ef0f166eccffa8632e9a279,FTM
0x6d3bcc772bbb51f06f4d0d9cf67c1d1c2eb4fc71,FTM
0xb6fd60d7fe060098c46ab96e3b3618b2239d0940,FTM
0x8dfe3f4e79ec886d75a4edd1c59edb4b7b6309e8,FTM
0xe941eb810651e784a2da10b37d4d94b33d245de2,FTM
0xfa0fc81b2fa54aeac07a93bb8d173657724dae29,FTM
0x7cb552152e2b28f9f6911c51b69b0d8d1fadafe1,FTM
0xa997f11605425b9684748e256e3e9fb8453a3f99,FTM
0x24561da338b34f2c5ef49c4f0f0a98c66bb60460,FTM
0x34ec940e7aeb71c5891a4f5c2d88136fc83ed3a4,FTM
0x89a50c9f4dbac2ae81be76763da28a8f96ff4fb0,FTM
0x9b5b11a1d06f5dcd221c98642d5aad7375dcca33,FTM
0xfb5c8ad70670283021b942f29f9bc1e3bc1ae476,FTM
0x4af5be4ea4931d2462ec43a6b44114eb8671a81f,FTM
0x82e38f1a06fd2692ab9275bde75092341b8f187c,FTM
0x00d59dcd98e49000598cfb2462066070744ba34e,FTM
0xb9367bf71487eb10a68c3179753b9e1ba8871c8f,FTM
0x40f8515449d65e259562e2782259467ea5f85f5c,FTM
0x9b6208970ae24e2cd3188a403830ace3b78cd7bf,FTM
0x89c09f938807837cade465230e2e6cd0c7357ba2,FTM
0xc2c7b129645a2589eda7e26abaef11e43deec1d7,FTM
0xba208f8ba2fa377dfa9bae58a561d503c3f4d96c,FTM
0xffd1d00554ea254f267d3f73658d6ee69fbdee52,FTM
0xb5ae3c648709913ef9739e9f6edb5a821c6ab160,FTM
0x500f8fe004e978d1c58dba852bfe7bba8ae434c1,FTM
0x98b162652701f18621bf475f4a096c4479818845,FTM
0xb26cd6633db6b0c9ae919049c1437271ae496d15,FTM
0x1563c4751ad2be48fd17464b73585b6ba8b6a5f0,FTM
0x64479bab91ec44db51008ec56e16fdaa7738bbe3,FTM
0x742d9cf9f8998318282362f3330e2735ffa60db1,FTM
0x7e9d2fa27745a7a61b5b433d6e413496b2da9ee2,FTM
0x2df44f531f9b8cd82f181f7e3f3401e392f1b19e,FTM
0x6d84264a7bd2cffa4a117ba2350403b3a9866949,FTM
0xf54eeeb761f18da84a0c8162484ed32b7d490716,FTM
0x2211a1912f40391307e28f0f9d9c1add8a4dbd75,FTM
0x465c92b6b9314b2950df11b7fb7da085f37ff21b,FTM
0x971cdd31accfcff7f1dcdef7b6c813279e364378,FTM
0xa4a62f7127c644aaef733029e0d052e411fdafb4,FTM
0x1b3d22013215da53e49f14e9b21ebc391ce50f2d,FTM
0x1a7763db12aad02c8205b6a6dd410b7e7323f103,FTM
0x1b60a4c07d674043039efd88259c928c9c9dd72d,FTM
0x122edefc9a3a02f4f7c4caf41ad29d9c900d0528,FTM
0x60c92e245e2bb56b12d9ccf52398e4b79ff71dab,FTM
0x911b1ecef200fe24e4ea9b54b9d87c3dfbfdb5db,FTM
0xd511af7e71a290aaef9e9d4bc1e168e2293fa2c4,FTM
0x9d5f4d9c0651591784f717ff15a4b9c724553f7c,FTM
0x4d169658b435ffe9596ab3e98b7306d9c841678e,FTM
0xbfe334b816404e21577cef84b1d3cf7035637512,FTM
0xdca78971f8846cae4cb363e0e1ae42d30e5bf910,FTM
0x6fa4f64c281f466d089d754444186d640e94b658,FTM
0xb4cb9d63bbdbd9de9ddf28661df40b5f5f05f853,FTM
0x920bcba669734d63db9899e968959e99adcfe850,FTM
0x05a9b863da79557856529fb2ffeaddb01b66bf17,FTM
0xcae0420bf02e07e2b02ce84c6884af417cae1484,FTM
0xb4fd333fe5c503a24de4c5cadcbd68718b13796d,FTM
0x7d0a940d81ce63ce716a1e3cd7372f78f79d2414,FTM
0xa5b5b85f0c5209998be7aa72e17f0ae289bc71ba,FTM
0x98c52feea24bc24b1c5c01a103828f6e8eb3d3dd,FTM
0x4bfd8854890358811c845afd9f42c03761efbd17,FTM
0xe66b9c6b6363195e75f806bf5519e578f02114ce,FTM
0x3dc56e85283ca780d5fbda7337b6bc98a5e4f22f,FTM
0x5f4d787692b0ab325df37e0b999c452d4561a8e6,FTM
0xdd322b1a060ae2a30bfcedb6d36ffa7cc4682a83,FTM
0x5f20d84dbfce7d9bd5b43dd22e650e1ef017c011,FTM
0x345183a7f823bfe41ba7a52bc04265e264a6ddd9,FTM
0xec4434b98d3f95a2ac64f0cdbd876855b8ccffbb,FTM
0x99dee42daa80db4bfba4c66b9303804b1643e932,FTM
0x8ea3985f053500d4526ff36ecb5e6e589c4c5342,FTM
0x9a483103327b3b0814abcbf61c4860c48fd84f07,FTM
0x83678fbcbcf8af5a083027097098fae2734edfd4,FTM
0x78b514bad0299826c1bc9409e5c3db7ece9ca404,FTM
0x42502d5e5e6ca64c38b405e44f38eab15a86a812,FTM
0xb7300fbee0a8e4f96550e829e3d07b85b77d3fb3,FTM
0xa7c0e474a9f3207db3f7ed86c994e2c8f144dbb1,FTM
0x79939118ef2af99e20310ecc5ccc0e9697d390fc,FTM
0x764c364691ae5768e932896f8090329c6abd2951,FTM
0x83469a933f4d82ffcc9cd2284de816a6a9f68433,FTM
0x0ca78ed9f48dfc2dbbff9e1d55227e52359776f0,FTM
0x883ce32e186c69559e94c8ba276bfc4322fc194a,FTM
0xd699e27a43b7ec6102568f0af0d7f61d4700cc6c,FTM
0x26dcb0d7d48aa979da81f2fce331ce6e028b00d7,FTM
0x0e7854240f7760b0af10619b689ef10631b636a7,FTM
0x4678075005aefaff9190fe685a979bd49c5e0415,FTM
0xb0fabe3bcac50f065dbf68c0b271118ddc005402,FTM
0x89cff61026f6743b8d25ae9b253582083136b1c4,FTM
0x3c5aac016ef2f178e8699d6208796a2d67557fe2,FTM
0x0cecac27c62f9a1972b3b3f03906667c84379ae3,FTM
0xb1fe6937a51870ea66b863be76d668fc98694f25,FTM
0xdcf6d0c0d7064fb42fef1346c84fb759bff4f81a,FTM
0x3a7736e805dd55c66f76cbc3b358de8b660d0110,FTM
0xecfc96ec96fdf856f1369342decb54474784d29b,FTM
0xf1ca4955dee7661b12d6eecb0e18271d8668fb6a,FTM
0x16f53d797690fd9a3ee0679c27f4ed7cabdc7ba6,FTM
0xfa01c614b923a3a6574719574ca4311e8a1ae08c,FTM
0x8b4441e79151e3fc5264733a3c5da4ff8eac16c1,FTM
0xc74e6cdd6974e71b76e8a663be2d2c23530462b7,FTM
0x10b47d0100f0493d811f4aeb443f98875a0487cf,FTM
0xe161408d951e913eebef0c2c07c1d5df2a2c0ae1,FTM
0xbdc70cb1ef1e879405fcd42e39a79080a6ffd91d,FTM
0xe5845761e7773976055f2559ca54be41f09d9e88,FTM
0x1f92b5affd12981ef0fa7ba22a802379fd36929e,FTM
0x7c99747a7f0242e002acd4e64048274c2ee17d73,FTM
0x70a1e02e1e0447c5be9afe92fd5d513996b52068,FTM
0x65cd9979beecad572a6081fb3ec9fa47fca2427a,FTM
0x300a14363ccc6cca92b3ad76a429c4687a9cdd16,FTM
0x51d294ece5c919ed83af7c1df09a1db4eff4e1cc,FTM
0xa9e9e0414d52658515eb9db6dcdc6055396a031a,FTM
0xd47248d5cc7bd078d111b9bae350587621a5aab6,FTM
0xd645e1cbf208f0a930572e0457826137089be5c6,FTM
0x7ea2d94c0bb347014db4c08e70fac5f67793ffe0,FTM
0xb2ae7773e14d857d1202cfc2a6a5a2a3de1525f5,FTM
0x867855dc3ad5ce36b0e637e8b82059f90971903c,FTM
0x99b6a44fa3d3e0d3f33464ffac5710f31c3db580,FTM
0xe2985ceb661139a912915de6f6f86e9e3f2ecfdf,FTM
0x8e9a87e2ec35bafafb8a93d81b589eca92577054,FTM
0x709cb5d672cabab9d50250c0af982c52b1b233a1,FTM
0x2d13af95d06bb579a0bc8b5ffa57de0e94150b88,FTM
0x6d8c3e6a088c7a694d4e11b781519ddec1a6be46,FTM
0xa2451e7404b3e1811dd06649dfd8f34d1c579be0,FTM
0xbec2027dd208e21e8d25821506562aa658c0ebd0,FTM
0x45234a781a9fd48570fe41764a108d9fb79629f6,FTM
0x997319bf7b46b1ad1c2acc3d85adb4f46f28b50d,FTM
0x8d869f609bed9516596d8563e26d4870f5f1aafb,FTM
0x5a6e9ba01afdcec6bbf20d02493047fa8ccb5b98,FTM
0xa44598382bc1569d6cc287a105f21ee8e53271e6,FTM
0x74ba92c8a5eb6c8373dc49d4588c5f0770acccd5,FTM
0x620f9712999f768600f995666775e7a40d151659,FTM
0x37fa02e7c49b9f7097c0d28e7053c1d632caa795,FTM
0x1d9c38d82fd451e64c35a96fa6fc1cede2ff03c1,FTM
0x477887a3b0e730a0c4b7ccf55ab086001ec4d633,FTM
0xd71d837b8ce264e9a24acf9cdaeed32628acfcc0,FTM
0x16956e96f71dbdad8a1b334eab7f14bfe004c37c,FTM
0xaa35a4b313efdda0369f499ae4e1702811d6ded3,FTM
0x70ddf043d521aaea0ed98f39eac0183fdc9e3640,FTM
0x33d3c029fd119ebb90df20c3427a97074637bf7c,FTM
0x82d1883ca96e57773429e785f195e32783b1c246,FTM
0xe230ef8b082a5fdd3ebeac225efe5c2fe31011aa,FTM
0x4fb7fb77370baf33d7f2682a8bfba1b8126dd66f,FTM
0x57573506d364dc6a2e2dc2bab9cf4853c4cea5c8,FTM
0xbaf88b32025aeaefee010013da46098382475ddc,FTM
0xbc1159fcaa1ac43e9a12d3f9e3fbe32b9a676701,FTM
0xd2d281a66855977a337ca1bb9bf0ac07249538c7,FTM
0xbf0f5a8762215d0b149c917952190c72f6448e0e,FTM
0xf7c23ee9d0e036147136ec9d0089b00d33d7532d,FTM
0x9c4b88fbe06b6b1e461d9d294ecb7fb0c841db4f,FTM
0xd13cf36b646adcad473523f7b32baa74f4f8f502,FTM
0xb1230e5cf71a300a85a248d4553ddfea60a6afef,FTM
0x9e138c3c1249f1627168d02359a4ba82e5f2ebd4,FTM
0xb6b6efc0c8ebb65efe2c1a8a3135709449f38d39,FTM
0x46aaa27dbc0c4d4d1c8afb81e7e032d44e0fde36,FTM
0xdf56ac0d5261331ee5d46b4e8bd846093bd34cb1,FTM
0x2bc99d8d665323abb69d50339038d6ce723cb2d5,FTM
0x73ef2f1b0dbca5b4d6828195907066ce6264af3e,FTM
0x582fc01b5a2777374d0aff126e3edd8135ea79ee,FTM
0x322b3d497c23c51ecd799e7777576b2027f14d4a,FTM
0x014be818a11c6ebdf861dda9db842d1ea19884c3,FTM
0xde9939e9c22c084f9d0d1d58b7640d6aa9503340,FTM
0x631f82fb2a62496d28780a821f47786b05e2278a,FTM
0x06a963eef0ccd90817b08297240c60d579851f40,FTM
0x8b74c4aa9d92672982940e67c8015e587f3ea0b5,FTM
0x9ef89e487088ae478a4e1e4a7747f2d0111ff960,FTM
0x6923d9bd1e5451061a3b1b0d71ef65e23579c892,FTM
0xac207c599e4a07f9a8cc5e9cf49b02e20ab7ba69,FTM
0xf4f24a92129c59fbe2a0ffd22a0a07e4f913434a,FTM
0x2f556083bd13f674c7a5838988ef73b79dd689cc,FTM
0xadca7418630443556cb314944878a0c276b6a1fa,FTM
0x33df570a3d9d294fa90a19876c215a5276b29385,FTM
0x304b3d778ada6d14387dba400d48ec5bb9eb689b,FTM
0xf8a11b6792878ac820abfc0c26ba585e9b3745e3,FTM
0xacaf9619d7f9a3b881310c57f7bc3b2e4d0b6bb5,FTM
0x31155a472fbe0e3990c692c8a1c1c1bb6d4548d1,FTM
0x9a3ce880470cbd7f3e00e4c1c4ce0854652e0819,FTM
0xac4dd773b0e88caa7e5d1fa75d3605ab1bd557a7,FTM
0x1a2b292661f0102c5961afc42b278fe8c9169234,FTM
0x3f6e4667fec54733fb3b15993b9ce96b69b65cb3,FTM
0xd60a9bb677b43820d4d3e8c132d1ec60dd1d0313,FTM
0x37eedb7ac276bd6c894e81b8937b0b0bab154e22,FTM
0xb4773a58bfa5eb5f1029334d5dbde2f12cd35d42,FTM
0xd88cff1d9f7e0e511ca50f6f169c03354b384135,FTM
0xbfdd62139f97163d83cf5cb7f940564b56c6fa5d,FTM
0x0d2451c6bda8f911a090261275c76167a213691c,FTM
0x5b187c84b31c243202959ab4b54f8396e5dbaf32,FTM
0x7ddec281b31b588eae53334e3560f63f803db645,FTM
0xd946b3a3694864358dca0cd641d72263e032a0c8,FTM
0x07580b5d11992095279ecbf1bba72335c2ea2372,FTM
0xc91b41cabfeca199c6e2b84a9da08d24f3853397,FTM
0x423de8a95cd2fbda9ec638d78a9173a09b8cd674,FTM
0xac9f904fb8ca38309ba7cc2332a9ea81acb6ad06,FTM
0x0c8c78174411e45a9ab9cc01e9834bcc4f191f97,FTM
0xe14a13b8eb93b6569a748ea57a1a97025fc82be9,FTM
0x3fab02c7435e97260fb2767e2b5c137eb1a16ea7,FTM
0x5b3067c5e26fec823d6fbf8f315e43632658d2f6,FTM
0x25da992fd0f68296a2659b69f1642f0d55360993,FTM
0x1e667ac949953868690f526356bbe7eae69c6d9c,FTM
0x43bcbce2e0f520f3ba75a67c9936350a48b59dfd,FTM
0xc445a4d722d2793bd351779378aa85fd45adee84,FTM
0x6bdd846122eb546fccb3c362d9c8324affaddd5c,FTM
0xdd22fd550d87ad5769b37bf8b6fef696fdb79bbc,FTM
0xa6554d85b945ce01505005bb07e56e6126259686,FTM
0xec8e3a07d6c5c172e821588ef1749b739a06b20e,FTM
0x9b25235ee2e5564f50810e03ea5f91976a8ee6fa,FTM
0x9c4dd1f8b44b39662fd9d942f310bcf27e3a3038,FTM
0xbf58ac110464674ca4f2bdf3c6b8dff4bdafc60c,FTM
0x9c3cdd65c26ae73908306698fe04ca13815927b9,FTM
0x2462e450384ab3f89104229aabec4c5f7357efa2,FTM
0xa380dace2095adc258d2be066e2a60a9dbacf7ad,FTM
0x0706c008257d3574ed38e496587074814750b6c3,FTM
0xe8b67ebf4825fec2ab6c010a01064f5fa54672a5,FTM
0xb74091a5c0073f64f7b5246fd73715b9730581f6,FTM
0x728aad5445e7a1727b67b5b30aa153f5851ae274,FTM
0x47c48d988a4aa6717377ad0eab587bb113299035,FTM
0x6f22d99fe8936e3fcf6da6989fd991f1b737c3a3,FTM
0x627f7344e024b2fb7a1b77e4a8c08de155e74b55,FTM
0x3a5569c4d5ba36a601e1607829b4ea98b44d0d71,FTM
0x9868175e9e83bb4fd8bd879480b1075371399098,FTM
0x6986c69fa6458b2bc42154856fdc62de9752041a,FTM
0x60f0e198c2157708a2188a19e4b86489d8549fe3,FTM
0xe855de1ce141be3803b79e982f2afa0db05265ae,FTM
0x36599d9929664a7ff6171fee6a1d0f85f953e52a,FTM
0x19a46c6913f1431efdc2164587aa6c3af01045f6,FTM
0x89f1056200023bafd97512e6065488071f8cbb72,FTM
0xc78d7cd2ad40c12a6c9ac59dbd5ec173c80bea52,FTM
0xd940d9a6f3654f35d49d9f1b5213748ef0c4819e,FTM
0x3e71ae385b0766df225f2e38e7087aa591fe463a,FTM
0xde6d59a1bac947ca7d320859c8354b42d521cc87,FTM
0xf102b03611e104cadeeb7605ff1d9fa5c07ba115,FTM
0x000000000a38444e0a6e37d3b630d7e855a7cb13,FTM
0x126eb1c41920e54aa6f0f4554c06371c69979131,FTM
0xfb1da3e12a54d9d4036f969049fd58c97c6d00b2,FTM
0xcb6222f4df04385ea08e8da2a5871131ff5f6cba,FTM
0xc800f8eea7430b0d888b980c6779fb9f59235f28,FTM
0x21b7b807b86a678ec7efc3448ea893d3d641e1e2,FTM
0x8730d6e9013894f3e3d635d3224357f85a09c9fd,FTM
0xad3864b39fc5b551769052ebfd0db9414644eda6,FTM
0x849b1c48f369f8ed91302b6a0abbd197e29bf618,FTM
0x74c50af6da11b6e4c3475f8a83d0765acc3f8e5b,FTM
0x068afbfe390a719fda63eb03f0f3558888d4a0fc,FTM
0x938ef8eb7d92b548714a1c2f4cf02581b449b68f,FTM
0xec9ebe950cad79fde4139714283145137ce24aad,FTM
0x30a26c2837e9ad41ea5955949f00402dbf86f124,FTM
0xa0a876ef23492ab2186cc439e90d48031eabba5e,FTM
0xc45d05cdc809d20c7b14959e8cd4a1199e3e966f,FTM
0x74c4c82ad166b621fa60a730c9d414fc17d33db3,FTM
0xb2c273e52addecbb21183641862a38f09a9ca439,FTM
0x7d400f6ba832a18181ce4b93b159ea19f92cbf92,FTM
0xb2754b61d93c0c0f00b0be4fa7d2012b6cd2b430,FTM
0x1596e4f41f3d333059db74c911e936bc9e4cf12f,FTM
0x44bd6fd314dd5aae5100f7a9932575207fbc3bd2,FTM
0x2e17e358a857f4ea3f62102fefed6aaf53e0453e,FTM
0x6ee42701f61fb7a346244e089e49ade1d166049d,FTM
0x11e2bd1b6851bd8db33af8ea0521fea2fb7d60a8,FTM
0x53991fc4222034093f8f87dc0d4d1f5589e6142d,FTM
0xba58b0dd31840d4e14eecfbf62a13bfac4e6906f,FTM
0x7903d1053ebdbe1f50783752f3b0d834213a799a,FTM
0xfbb2348b49a32700629aefa912b0c593b530df94,FTM
0x2f843ec4ba0a0c14813ec00fc20f7bd87cc08f63,FTM
0xd608fb109124da6d3e8eca45d789ecaf8641ea77,FTM
0x935709e1e73f1e12e918656ee5155a18b5d43550,FTM
0x228baf69cdd1290d98d9590e772cbd7f1f75ff66,FTM
0x3e5c3957cc475967293ffa72e586298bc45488b2,FTM
0x66697dabffe51a73e506f463b27e388512ed6ecd,FTM
0x97db0e57b1c315a08cc889ed405adb100d7f137d,FTM
0xd11bcc0e7d44169a572da39ca6297d0dfa5c17fa,FTM
0x6e9c4e2853ce49bf9552f80e29a44f680ab7a419,FTM
0x8cf9b33cd1f3f6a49cb360a29d1036db764efbfa,FTM
0xb307d426a34a72a94b32bca5c5f0c8b36440fa80,FTM
0x5e363a8c41ebdcbcb32dc488ee610ee6580b1f8f,FTM
0x7f5362951c7ba111c5e196b7dc6c8f61b876e345,FTM
0x48f3e839ee4f52fef9b433f2429c5819028d56d8,FTM
0xcad9474c90444ef3a7ad8658e20776bc77585ab7,FTM
0xd1f4cf428835a775916dd767e11553b5649eaf87,FTM
0x0076fcc7d245f6c7aaf07238adfb48adc62bdd55,FTM
0xeecafff217eaa6928c0cfd89be0613c518cc928e,FTM
0x68c27a686cb4167a05fac3ded1f4c44be39d085d,FTM
0x7daf54c80a8ce3ed2a3b8dfa38827a6cbfe8b7bf,FTM
0x05e5ab383f3c2d423cfd118b83420261ab0990bc,FTM
0x7c33b2aba57dc50c1b7021a414d814738770dc22,FTM
0x0302f3434dbdee9d3faf680cba8a2bae6b34a83c,FTM
0xdaab06a2611095939d61300030701908af24590b,FTM
0xb2a19e5328f819ff1b7e4d8513e05ced433a613e,FTM
0xd7aa97fb443acdc38622056b963a5e8893f18c1f,FTM
0x30f89f5f4cf25f457b4d9cbfb64a64a97f00bed0,FTM
0x6ffbb6c376d0cf590289671d652ae92213614828,FTM
0x550402f3074cd5a5ee9ff9238fb09956b201f08a,FTM
0x68fcd0c2b6a0af11a97c4547c7cb0947c2f63d9a,FTM
0xeed77332841036bd8160b1538d014ddeb8590569,FTM
0x18ba19ef5c0e060c7c0bb1e622c78d6fa493e2f7,FTM
0x879867c28a335f5ec2439630b3c84587abec8469,FTM
0x2a566906f6a716e45164422d396b4965c8cf3810,FTM
0x427197b1fb076c110f5d2bae24fb05fed97c0456,FTM
0xd04ffbb33f89d60c08ba9a6918292fda4d2c122d,FTM
0xb9b623809726d7611ff1c41a76ef9e7b07e93807,FTM
0x697ae801bbf2c9ceaaa1b2533aa0c75e13e5e2d5,FTM
0x5ba323cc3e4b01ded640fc78c8948dcfb8f298cd,FTM
0xf982a391577cc3e5ac99ffa017f8d18d2aeb20b6,FTM
0x69ff5358fae4bcc2ec6db6cdb30d43d129291709,FTM
0x60068af9d8cf86debf88e7933ee708ca819e296c,FTM
0x91b2fbd0ad35b8c6dd4a7b4b6c63b99c4bf51da0,FTM
0x06827bac9ee04469908c445bfe65fb0937e93dfb,FTM
0xe751970824f3bcbf97e611e351c1136776be1ce9,FTM
0x9d2e29be44fb2c3d7afdbeb79f59f51224373aff,FTM
0xadffc760edf4f6146dce89022b5ae7ebb7edd2b9,FTM
0x178efd8eb94973c098771e019f605eac661fb877,FTM
0xaf912a4aafeba1f1e459a3f827e0d3b52ce034c5,FTM
0x87eeec32a72ab2a7bc696d723a9177b8242547e2,FTM
0x516e52ab785f513db7bf47aa4738ee88becc4a0c,FTM
0x77a6b981f8be856e1670be732df657350d8ff0e3,FTM
0x640ee436595a931df1162b46e3bf4277b35f0a98,FTM
0x52c30d9568d307103f37b02e539465232e43ec73,FTM
0xc462bf6cd158e3301dc1bcdb11f48107f0ea8c82,FTM
0x53237a2b2203c57dc0e9a3b71190cd1a71a553de,FTM
0x74dc445c8e24919975e63fabd3841d13fd0d5f9e,FTM
0x04e45ee310048f79d0eb1d7efedaa45c1973dcc1,FTM
0x35288ade713a71be06e42f43b6eddba193302627,FTM
0xf7a52847b21ee542f1c3bd2f56a341f86f8f8646,FTM
0xaa742ad22b89f7d9b7e14076e8fd2a744400d4e1,FTM
0x5223c1c21c1894ee58ded4d09ccfa239a272af16,FTM
0x23763c76be29068bb7410dbea112664d06e18252,FTM
0xa33151a789f147677044f49c64801ecfe77fdc52,FTM
0x3a39899dc78b7307acd83f51463c853fa79e1b09,FTM
0x88b8073739f867126c96f392512ddb34ef3a350e,FTM
0x382169edd33909b40383fc0e0bc89c5c79084831,FTM
0x5f45bdf46d2099380ceb221e2e41a3704523f048,FTM
0x65cec720ac2ee4e2a3ded3f6617332b373bccf27,FTM
0xee2ab8410e1f7c4b75c5f7948e127e2d1424eded,FTM
0x369606edde71fb6ec43353330796544852bad340,FTM
0x20313bf6f3071fae1f44e23f1aed6950030bd1db,FTM
0x348c6ef550b98950afa2e55b3c02a306ca4c0135,FTM
0xb903ad5eb106d271374b71c795293f610ccab299,FTM
0x941689a3677ae5d7547aa6b298773db1a50e2ebc,FTM
0x80aa2d141ddb18df3fc72464bfa4583955682ae8,FTM
0x4a4f62950ec25bff5267d52e79250aba3f77ad24,FTM
0xf970afdd3ca73c2bcfc622ff4eda00dc7ac85a87,FTM
0xa182dd254f6d72294d650c57d9b035660fb13a1e,FTM
0xeab8e50f305c3b97aa5eb818e09a59124c357b91,FTM
0x8a21b8291b58be2f2bc656bee1790c36a3f2a10b,FTM
0xf43d73fb2f52fe530af3af2a6fe1a84e285b1d34,FTM
0xb8d86d6db117e21c27636034d3dd8859018daf9c,FTM
0x3205285e5bb4d1985d9f1782c36ba80b44cae0ec,FTM
0xd16bbaa1bf9c69ea4affecedaa781c847eab5ae3,FTM
0xf09a845c973b8265c8519d503fa6097caab7f932,FTM
0x8ce3222c6fe02d531c1d7f082e7fdf01ec789a7b,FTM
0x834c1bbcd1acb032006fd1f6606ac84ce967f8eb,FTM
0x2b0c06be831a935b66c95f3d99e6fdebb2660df3,FTM
0x609470c2f08ff626078ba64ceb905d73b155089d,FTM
0x9a411e810cc44b7df4e3a50c436404c01c2e0866,FTM
0x794d8592d2e4dc66cd72165e3d04fde426af68f1,FTM
0x574c5a477851536d8675a3aa5c76305c8b6ca2a1,FTM
0x1ab0a6362bbfd48e87dde4f74434030f839caaff,FTM
0x1047f05d11a447d3d346488ab554b403b9a6fa3a,FTM
0xebb8ee4722501358bf70559d26ef6e7b1326b3c6,FTM
0x4815ee939fe2efec2f7bc415f0ce2282f6417fe9,FTM
0xc0c91aa7aaa0ae60eb67f6a9a4ce3e829df2aeb9,FTM
0x8d8d0d9fa849b6ae5be44bb44419eaf80979ca73,FTM
0xda74adab2dde5ad1b1cf80bf78bb9a7eac64652f,FTM
0x4edf24b3b9c57ca35b53fdc8ff061af2bb92fccc,FTM
0xabfaecd310bb3455c767f1d10b94ff2a00146e6b,FTM
0x1ad4e35388f8e9bfabd4c05961cb8d21ac2dc0c2,FTM
0x3141ee74ea97b309f4e6dce11d7112e8aa8c92a3,FTM
0xb956bfb49d3de92446337106bdafd833977ad27a,FTM
0xfa6cf6119d2154f9c1d45be015720b42d496a975,FTM
0x7adaa3c9d9394ec49a8a4a1a06dd5873dba4213c,FTM
0x7c33045858b3ca7440e79f3fccaa8ff2ec067d2f,FTM
0x3953097d0ac7ee4f390592b69b5ada2dff4108c6,FTM
0xe0fcb762411b8fbb3ce17066405ccfd7c9f9da5c,FTM
0xe69dab397b59f52dc8b65c01533a17538a07e2dd,FTM
0xeaa2191c65720fb0494510053c22785ac7011e07,FTM
0xe4685ac83c3693ad5dee5f7ab6516257a4c906a5,FTM
0x8e7342ed62b5ef92cbc833307793f3ae279d5769,FTM
0x7d36dcda42632654b4d84d0120d94f92cc317e6c,FTM
0x3e6edba22d9ce22a7168406d26598ae20fe08e41,FTM
0x6d5c8b593958ee0cb7ad6ac2531ab1b818186857,FTM
0x2d94dc4d69db8ecda720406c118702c0719b4345,FTM
0x589ffaeab4a99275660a9fa4274cb58f7329f4df,FTM
0xa7bdd1e97491a997112a07af6adce00e09e12540,FTM
0xa14a711e5d6f38bccf81d703cb8a949f9a1d3cbb,FTM
0xf2455a4c6fcc6f41f59222f4244afddc85ff1ed7,FTM
0xf44c90e2207014bdd8aa8e505347ce102141ffbd,FTM
0xbde7fd4498bb076eb0b6331b883ce0d1a28430bc,FTM
0xdc43d0c0497fbf3bb3cf43dcaface9c116d5dd21,FTM
0xcf715d1aa94092a8430af1ad186f08a38488d8f6,FTM
0xa0b3ed3a3317bf56b0f0fff86fb6c4620be33013,FTM
0x33b4c313ee5b69ac3c1d95d5a3ca10d82362fde1,FTM
0x3d7f42a6bc03ed9dd42b9853ea027eb5c844a36b,FTM
0x8137b2f5793cd2c65aa7087536094135523fa57f,FTM
0xad23cf4fcea60257f078e85801a9d42e3a5e866e,FTM
0x3c399422cb7b7ca68f4574a6f6b3d2f386f739d0,FTM
0x6ffd435b88902388d5a9c65f2bce6a75e1b14093,FTM
0x15df788d6a0253b91cc2694ee6665420247e381e,FTM
0x0507b3ffe3836ad0f256f3d53b8fa7653e54e2eb,FTM
0x3f81d87b4dfdcdaf0b4d1f22dfc139c4b1bd99a3,FTM
0x1af91385a07a1fc76a165fbecee71fd12c16a967,FTM
0xbac215659437ea772aaea14320287c22cc0096a1,FTM
0x5957145fab56dfe5af988a4f55eda4b205922c1d,FTM
0x7eb1ead341da4c48fa50523b2778aa65a8f3fbd0,FTM
0x7d8319aedf12e4fcc68531e8e3caf235966823a3,FTM
0x6eab4feff315eb598a919c5cb92bb4b67edd7d12,FTM
0x872cf99545c9ca93b60c5a7da3973e5e8b2ddb84,FTM
0xeb88911a64e424fb9d922172f1e5b57ce0206b43,FTM
0x4193f43f80c71c616f3680a4ad5fafc4f98844c7,FTM
0x8ebe449bc354e8b096526da3b54214f770f29cec,FTM
0xb64c868ded03e58f53ac64c2af0d8cf16d996264,FTM
0x712d80f0eeecadc6148c246e4564a2efbb59ab16,FTM
0x36c5a9e00824c25be4546d578ca993f8e3a397c6,FTM
0xcc34890cebf3c47a4985cb3a460ce313c5783c78,FTM
0x461e76a4fe9f27605d4097a646837c32f1ccc31c,FTM
0x2ea2ce595bd68a0cd1fd34b06df98970952fe4d2,FTM
0x6776b04c0660f0460a8e09da457fbf819c77dc07,FTM
0xc6eb0bdc91b93f572f44018551780ae7665b647e,FTM
0x015cdff2e472f657e8c34b4e88fc60f16f7610ad,FTM
0x51256ef00c2485f3a40fe1b6e4e779147bcdbb58,FTM
0xe0f7a13e3b038ec45d2b2b6abf999fa20ea2355d,FTM
0xd1c8b7e63b4fe57bee21f08b97724d1dc6102760,FTM
0x4cac5d5403996df53c3b2ff5058415665db2ff18,FTM
0x040981a6626a1928bb4c97fada4ce902a1afe9f2,FTM
0x98e16ead277b552ecdb46007ffbc95742bea02ca,FTM
0x6c7e50aff6aee6571fc1fe51788f0c24ae54ad99,FTM
0xeb7846ad58fbdac651830d5370a94488c06f282d,FTM
0xd8f149c36e6e320f4026f02c77d82c2c3ce0f386,FTM
0x858aef29849ad338be4d7855e01c23fd66823e47,FTM
0x35180070ff3e2f7a6ef468456c1ffeb81f5f28d1,FTM
0xc68b6388d035d4c70ee5bb7cf1b11513cefeb9fd,FTM
0xe939d186c9da1f3640a8a53a3df9deb643021ffe,FTM
0xf1527cb2d748f38a324f273bf499ce25ff400304,FTM
0x708c9d44eafac41fa7217bd8390fc2b18613e739,FTM
0x68aedee7dc9da33a1e7d32a6637361e409c40519,FTM
0xf0e4438e98884f6bb6e042e5db9591c1aa43afc8,FTM
0xf48d0224ce1320056c4eac449246ecdd8a2b5150,FTM
0x74ae37b023f411ff80f3a98d1f4680f38f029e57,FTM
0x86a6d62462acfda4d4f9900d43500e89923728cc,FTM
0x804ab9423083a80ba5e8bdad1cbf2c9f2c6adb80,FTM
0xa14d5e3cb21edab70b9813aa3382c779a4ae9e2c,FTM
0x8c211f3a399fb4b4a9dd86a9c2234e195e997605,FTM
0x0dd6e782cf43d3664a9699374662c934f6aaf7e7,FTM
0xd7c36361f1e7a3492c5da92621af9194cf197711,FTM
0xbbfd16b331e20bedcaa38868a33b958268ac668e,FTM
0x5ddd64bf5576225aeffb55706e4ed5e9192f137e,FTM
0xcb6586874cc04b01cc4fdb777de502cea7b3d6c1,FTM
0xa049afef83d112f9b9ac4e9d743c50ad08ebee01,FTM
0xf45733fa284d44d18d80eef9f1d575dd55db8ac6,FTM
0xd7315bd1a805d2267c0dd76ebad4ebb90da7a125,FTM
0xef46b09b69647412c129ebd8739bdf0f0c10dccd,FTM
0x8d02f47ada375c301186fd212947f84097be852a,FTM
0x6b6ca48da27304eeeb1d15d355d948f68b852733,FTM
0x5f510c952d3862962f6e41941b9f639365a5522e,FTM
0xd8d21758e66603996f4cbb149a05334b33b2cf41,FTM
0x895df514192c53fbf7cc0b14893747cad6a72e6b,FTM
0xf5ef3b6587ef584e5a19702aaf77566e47a01c27,FTM
0xd6868adaa7ffc242ee79cb98673b7e793f3f1446,FTM
0x430ea7d79ea343362bfcbfdc4a7f882b4f036e41,FTM
0xbe621815a89ba8045554be0d69e1113dbbd17a02,FTM
0xe44cd9abc71ba30e20ef0540aa9c736eeec904bc,FTM
0xffe0608d3e0216bbc7157bf4cb88914ad41ccc6f,FTM
0xbbfbff2fea1950d404742deb24ece126f3796506,FTM
0x08ea6decac408d521d5aef3a40b0fee301cfaf5c,FTM
0x4202af59ffc81700dc970306f4065a8e8f2280c9,FTM
0x4e880933aaa461a5fbd0d499f1e142d78f77c8ea,FTM
0x49a1daf271d50b76bae7ca7244d15e3f47f21609,FTM
0xbf52d3eca766ecad35708734081d4da6ab81987b,FTM
0x1ab36d68331c7e47a09368c8c122a173413ade21,FTM
0x582d0581a273239d01311e054702e5421796e862,FTM
0xff597b94411a48bcf9af5820944ba6f9b683c2db,FTM
0xe6bc5be9d0651a1238230bc84a5576eb2e0351f9,FTM
0xd54d23200e2bf7cb7a7d6792a55da1377a697799,FTM
0x9accf4f36252a555e914f64adc53ef8d623e80b0,FTM
0x9c5203149b331ea5d9b7ca67bb6d5476ac0c107a,FTM
0x541e0a80700e60c69aec3f75f033be9d39259587,FTM
0x9e399d0a8d37d1e9b73a96b160b26cf26b3cacf5,FTM
0x7a44ff28001f55d456f8bbf6e0bd5b2a3bdd200c,FTM
0xf94e7b5bb33dc56f1dce8005c3b5201baf5d7b72,FTM
0xc79745b59e383c22eca43514829f3f1119c9ae32,FTM
0xaf0f263bf13add0bae7d5d4c5123abb65a9b7a7a,FTM
0x1f452ea54d4d934afadc300c61ca0a3b1bbde958,FTM
0x51cc87dc2d12614c1d3e1f8a6045aefd9c549bfc,FTM
0x6854963236110fc2e655f6d61162faf8dda7c2ee,FTM
0xd679ca72c4574682875dfe2fe07499794e296db0,FTM
0x44017fdf434765831d3745447ce336aff4fe36f3,FTM
0x7b5c35f3cff049220d1ae52572a64169d47c5549,FTM
0xcef57e294bda498e376430bdc8596f331af8fe6a,FTM
0x4eb62e5e90a2a7e3dd081ffc31ef6f4c4e5964b1,FTM
0x679871fa9996ecb25df35c94aea339eb9c7541f7,FTM
0x2c5e14645efaecbf9cff5e49acc4b422c2c3f4ab,FTM
0xb100981fccf7de0f76477c1b120b849afd485a64,FTM
0xcb968b168556d1b0c1fbc99d5fb88042ea81dca9,FTM
0x96a0e58063d80b7cea3b6393e25479e07b64e9fa,FTM
0xb231d1868c48b9d5d349a088f8480cdd97546e64,FTM
0x9d04181afce69a1780b8035b904e5a4a2779ce78,FTM
0x64110cbd7ebfa832a6854ce9c83543da6e295959,FTM
0x5c1ae2282035eb1b2975e19943d4ea4832e7b121,FTM
0xbc85b7c497bfca12886efa8557be0232a767d384,FTM
0x4331975811756f18d61cbe8f6a2ff62d188f41e4,FTM
0xec0663e4f0a695eae3a4b89ccce531c81bd66c7b,FTM
0x8052959d4055c94a484b69979c95fa5ee114d2f7,FTM
0x2e7f8bcfd7931c6d4eef754452b2095d5cd255f0,FTM
0x43c4ff14dae2fbb389dd94498c3d610a0c69a89d,FTM
0xbdb4d8a53016ec2d2d28ff8f57fd4e73a5584508,FTM
0xcb8c15dbe2722a532d082f6590473292cf613012,FTM
0xc99baafab8dbbe6f946f93313a149ca8f963535b,FTM
0x6a5f44d24dca8417db339203d9e07d23321f030b,FTM
0x9c769e858fa32299bdd500143889b60fdd761c83,FTM
0xc88bafef5484b3291d4306bc823997cc98293f2b,FTM
0xcdbe93a7a6d8a17f521f2148c1d24df46a156d0c,FTM
0x605613863f61e373867f41c3ddccc4f55007d295,FTM
0xb118fd9852ec6762ed38799cb43f0ad1f0d29a2e,FTM
0x1c93bda3bef1e486ff31c745278fc3dd0aadd6cc,FTM
0x0eca5bd7b78603c3a4b3292914c98b94500f843a,FTM
0x7f927a9912247e879f91898718c47442bc28b178,FTM
0xbabcfed5146b3e63c43c5ae1623d3a47cf919c4f,FTM
0x2474c5325a9f088fe71c173b45990b09b82da317,FTM
0x5f475f1641a9c34fa5c2dde5499fbfdd4f488b94,FTM
0xa17250a26ca7516931070e2de563964537fbe49b,FTM
0x1ebc400ae41b9c99fbf43e7843d756c9747a12db,FTM
0xde4fd702d487f2256b79f6b8f129a5ec5999c916,FTM
0x3f043123198d5c7f1a6c58cd3d96dd6970dbd52b,FTM
0x2932c3e41f92a3e4f5f36a81e346397de8620502,FTM
0x240ac7c9585edb8564498fdb4b01f89337652430,FTM
0x966d3867ed55092a1cf8df921f938061b6d64bd2,FTM
0xef843bea95ec79e73b2493770b56fe96139d9b57,FTM
0x8e4084923d6b059f96904ba7d55b85d5d4825e4c,FTM
0x46643ae92dd69a9660ce344bfa76df2ee81132dc,FTM
0x682eb500d3ebe570162468e6667f4af6bbf80604,FTM
0x91ad18364b1e3f066a8ccb2d177743037b7e8691,FTM
0x01a66607e2f13f89c1af094e7bac50082f094686,FTM
0xb158bf20f239f85f1844bd3d8b7f2a5c6bdc60d0,FTM
0x15404b9be20d059a6169bf1b9bad91fccb9b3f6a,FTM
0xe6264713706aa84e0fbdb784099a63309371a2de,FTM
0xc234ab5152a13b6b8e2f4422b6f244f0b6b226d7,FTM
0x4367012b518fa423924e5064a4ff17c0020b70b5,FTM
0xa65f2af4cf124cbb932bff112d8c52a4cad48df3,FTM
0xab8e0f234f7944dabbb59a970de9db4d6b8c4e6e,FTM
0x0406675581ba0a1cb84961d985b4bf1e67c52525,FTM
0x00005ff7b4e62b6b868d36809f8a30c85a6d0000,FTM
0x89503662c58b933c812871461ac3fd3a26748ee4,FTM
0xaa65dfab1ad35747b85bcf84ab11c0bd763fbb7b,FTM
0xbad30f9f758e4c533fb9cde65fae5154f0430148,FTM
0xa1f67ce53b5225cf0bb69127daeaa828b56a2c69,FTM
0xc40571b08eddbaed29c0f5761d20eb61eaccbd4e,FTM
0xfcf8df5fbc253057410059351f5f536ae422c9d4,FTM
0xa4187fb42139f66a2c69e0b3ea156aab23e60656,FTM
0x549d2d44a12b121a8b3667463448605b1f2d52a5,FTM
0xf13fd4951485f54462de0fb534851d9687d1adea,FTM
0x0ff6e1e68413d2407fa6161ac4db8f21f4d3ad41,FTM
0x6d9174af271698af2e0c1b0f8e13fb49798c623c,FTM
0x89b72211ef49f1c69d0f7852062a1ad73e022246,FTM
0xf0c545fc7ec5c02486e9661a1e8f10484e542dbe,FTM
0x0ae43d62ab68d0028b54eb67457b7c013d4bf6d1,FTM
0xa85cb2c338e1c68fec08ac1947818ed42ed78bcd,FTM
0x2cd170d34740d2356c464f6bffec1d727a6c96e5,FTM
0x1141eefa7a6e3ebe85fe60c7e6d8ed5a3d94c169,FTM
0x8727dbecc5144557e868a78b343a6941f4fe6000,FTM
0xe16de7ed0e3fe2339cbc0c61be52ffcd24899f6e,FTM
0x21dc84a11e6e86d9f6f53116625318fb51e4caf5,FTM
0x92904983eac0e0d736934125e8f0087cb34e90b1,FTM
0xcd07799e9e01c02c3b569cd42f3729713639081c,FTM
0xe344e0ac1ee2101a06bcdd9498b3bdc692a371d7,FTM
0x056abd53a55c187d738b4a982d36b4dfa506326a,FTM
0x800df1625972f72f05b3df677f5043f1ae8a6852,FTM
0x2efe05b6670f30ddda94f24bb89adb709a238404,FTM
0x6e868846b2182235c16fd122fcd44739e55a58e4,FTM
0xc0d59a3419a696dcdd7377ae7654824b6ca8ec15,FTM
0xb34f98e33835d30a16cd87ffa47b42e606975f53,FTM
0x9d81939bffc0ee6580bbd486d025e0c20460fefd,FTM
0x0fc9aa8e8541a1a3a867ea3f7f3fe670d07a2adf,FTM
0x8105e062d6b94c951e93739aee33018bd6a6d1c7,FTM
0x8554600829b7e5909586f94585a5a55640745553,FTM
0x61d7ece32854caf46c6304fd536704eacd4da256,FTM
0x812517546d2c6be031a26e84c886f4039aff112b,FTM
0x7633a718fbe6e813ff1ee4aad171f015974c79d4,FTM
0x641360e9e087f032b7b50ab07403bae0d8c5000a,FTM
0xc54530a3dd801c03c360d1cbe482ec502b15ff8a,FTM
0xcfb2e2a64e47b8638e6786591c57546690050982,FTM
0x8d23e64a54f6b40c0a607dfd41509225cd4fb2ef,FTM
0x34fb5e72a593ec2a3a1fe04eb9a52a3cc48acc18,FTM
0xb8cd4834597dfcdcd7241487ccc03a5b573f1145,FTM
0x54f18b69698d9310e8c645d2b498715907a6ec6e,FTM
0x66bf43cc844a3c6b69d4c5aa39ba97f1e73f9bed,FTM
0x27e9531d81e0d89ce04394e233d406256d66d36a,FTM
0xc655b790ff812109c8f6c3f24fd20b3495164a51,FTM
0xd3df701cd7fb3a040623c4ed29bb9fed1fa002a0,FTM
0xaaa4e66bcaa8d75f47f7163aa2637800511b0b2e,FTM
0xfd24dcff12d8cac0a33188cef7d4c5386bf1435c,FTM
0xb4b60d66f636efb9e5d029eecd757e936f7390e7,FTM
0xe1ee56e4da8760332153703722584c3777731955,FTM
0xdc71d1d80d893e96b6ce87431647cd29c0f1e1cb,FTM
0xf903672ba62039591812141eecb4cfd9416cfc83,FTM
0x8fbc89b8d9ed06f9454b8bd45277e64e1977693e,FTM
0xcef9920860cfe08000c60163d0069e3eda9ba483,FTM
0x10a013197e46fa6157e28f59d010e091dcfea48f,FTM
0xa44e495c229fd820d98c1b2b2bea0032b5f8e0f9,FTM
0xb83ca51faa0b5ab33e6ffbee097e0c5d3089aa91,FTM
0x6ccd500694d477f4ed988186ebaeea5b8bd7a94a,FTM
0xb6af0e59e41f75552af00138a9f62acaef2b6254,FTM
0xac709499e194be51cd0ca80cf40cf9cf211eac77,FTM
0x9516510e449e1c5b60115eddcddd5ed3270c6f18,FTM
0x9cf40f5fb40626e3b242049da8c7e013c0cddc19,FTM
0x42fd232ac14b81591aac5d0cb8bf58d69e655432,FTM
0x479f9e3f1365873c01687ed0a14003455ad985ec,FTM
0xdb0132c875ea7a00c4a6283da592ae6500205396,FTM
0x47831c6fe51b7bd2dc593b997e3a784979686e2b,FTM
0xd674d9dbea02b7457408ed2cd21051498ec8d13c,FTM
0x51f059c07e03d330b007b48630a857e582be8236,FTM
0xf06022c428026612e1e397be75052f409a37b99a,FTM
0x3ce4c44776d508fe106a9a0fedd3162709497c62,FTM
0x3e7b8d12d4de6cb284a7d60bf92b462d2a6d6a2f,FTM
0xf405ea0435b83c7b28f42f84f71dc98de64a0bd2,FTM
0x61d93abebf959dab5720001d2c7b5e3ac8f4573f,FTM
0x2c06c4b53f6b1ddd1d5d6d04f69f04a6c3a092da,FTM
0x02f4ceb19fdd35e6841ac8809d58d270ce02fe8f,FTM
0x1d5c7762b24d6926276dbfc272883a9fc0eca8f7,FTM
0x31623050ade9bc3624ff00ea4d7c6ddae0bd9890,FTM
0x6d394fbc3b64472002f94a0a190b287daa66e86f,FTM
0x395ef2d7a5d499b62ac479064b7eaa51ae823a22,FTM
0xb976efc3e00eee61776524e0e9ad9425cbb1a064,FTM
0x1ae60df8b3573a5b54e6560df64bb7762b0404d0,FTM
0x1989f6a29f406afc7e5643e29f27fb11980cb8e4,FTM
0x0ad4bf2c351e66691da129cc54a0d3b8beb7f7a2,FTM
0x17fcdd289a3431cb9be3facbda08a26f15b7938a,FTM
0xf579109d7e2cedbf2f51be51985c8da6ac0ed610,FTM
0xb7542735bcad39f7294f981ed0adfe887ca18225,FTM
0xf9b8dd0565b1fac5e9a142c3553f663e09444b9c,FTM
0xcfa08a560d1964db69d5b12caff55333c903bad3,FTM
0xeca5e3ce0774372e71ce9b3675cb07c6677c2d52,FTM
0x580b92695c3e0f84b9f15f8337f0c3a8fc067762,FTM
0x395a60a233d3651e42c6fbc8f3bf9e4b153acd94,FTM
0xaf1a6804f3cdd6bf813977f4f4cc74ae036a4b93,FTM
0x9915eb519fbaab6bec191c767a4e230239f95140,FTM
0x38274785d72ed15af7c40685e4a54a60bbb14668,FTM
0x14ad52d999a92156e599d5e58e97e8702cbde8cd,FTM
0xce7a1cc4854fc75827f3bde220d6e4f5406c481a,FTM
0xb92246136f049607423b4c986302d407aef91a17,FTM
0x339d1965a49eb68e873ed90d2319e347c77fff1f,FTM
0x282ecd101b2164743d44ca3227b0514f8dd8d4f9,FTM
0x6f6c9a617962bc0e79141cd7e4ffa1e8014a6bc7,FTM
0xdadfb5cafe3a82167ea473502c23529430c4e583,FTM
0xa4b2bf446ea2a836a7a857c96dde6e913cf90507,FTM
0x6c34b59083165285081c8405f1fdad58c59bdb40,FTM
0xa58e810a2bc6c314aeef970a8c210f3ad581bca4,FTM
0x91f4e48384f775b819c77c4901db6ca6e2e92b80,FTM
0x2471aec1f97963234532ffcc79f87f842830f57a,FTM
0xcbaf2d78125c5923d5802e8495f8fd99bfdff239,FTM
0x1cb4ee0d5cd6d3f5209a9a0edba042b05321a331,FTM
0xa7bc59cc9bbba1f58e592c55899f8b3347acb017,FTM
0x2c1bd256eea5477028ca6fb88932364b5b495020,FTM
0xae7ae37d9d97abc1099995036f17701fd55cefe5,FTM
0x0a90603084e6b81473951d3fc7ed94346d53591a,FTM
0xd062c2aed5ff8a416816324619e072bed4bb4f2f,FTM
0xc40456ee3ce933b81d9be4d68d964eeb1f684298,FTM
0x5be66f4095f89bd18abe4ae9d2acd5021ec433bc,FTM
0xfd037cdc23e380a87dd549e7868a64c1dbcfb6af,FTM
0x7fbfa1b8f09623b359c938bc1a9d20bbacd4ee70,FTM
0xeedc48411f8f1407792bf53f28c280cc3730b0dd,FTM
0xc8499d0311ca31a60e11d58a5a7e4f1c24b95575,FTM
0x2c85610b99c549b9c877bd86efa3898860d5d40a,FTM
0x08e40997d588afc066e66926d2a91850492f9676,FTM
0xbc0a24a17caed0dbca77e564159c188c7aaacab7,FTM
0x134153216e0f6d39ab8ddbd40a17d7f2b7af9d3c,FTM
0xaf1d27eac3777efa9e240688c5ade06907b7f206,FTM
0x5a6c0ff57d4416bd1158d68ce01973a66a35dd1a,FTM
0x329b0f4597b15cd81d6f62dcf2ad6b3fe1d74d87,FTM
0x7f84ac1632e231582f162ced24d0b3c06a6d0118,FTM
0x67849b3c4bda69136d66e14249d45d0dcfd259eb,FTM
0xa3f9169ba2e9baa25e6e73568fc4f02aaea41b67,FTM
0x36ebbc8ac514cd8d2061632b89f2e445a3f55f08,FTM
0xed8f8f2430afdcc0a9e5410962066ca6e6ce8944,FTM
0xc711e2978336c32f3c123a22c2060a3f7a3f1b38,FTM
0x880f28a65d6ff1dd6d5f79bbf533b46669fd957f,FTM
0x3743036e2b02a28d686201adf90843c83aede226,FTM
0xc7fb4dcf75b040788db89ddfd1c70949fcbec59d,FTM
0x7e6949e70627f746f87577bbbb3bb03f89c23b4f,FTM
0x2fab6113f9cee2ef41be84da4493114c88edd316,FTM
0x79c2b83c2d0d3d36f225a49d862200013fc67760,FTM
0x22c12fdf488369508b003805274e01660722e0da,FTM
0x4329dd13825a58b648529106fb7a2f30205a60ad,FTM
0xa909d3ce74031ed69ecc11b251e800634ba208e8,FTM
0x25d5c669c18c13cd09ee4576e1b5d2f35fe5d2c7,FTM
0xd05b01070c4341137f4d1731bd4821336bf65f03,FTM
0x073aba73177668ba1c6661a4ccddbf77dfc8809a,FTM
0xbd54baf2e576e474ae864c363443e58d1af08aad,FTM
0x258bcbe1fe5f65243e1978c9e8df941fe7c4a479,FTM
0xd870e0af031778d00d53943bd55e00eed0d3013e,FTM
0x8de3c3891268502f77db7e876d727257dec0f852,FTM
0x7f0759cb20de8c7a996db6f6c12b33314d0379c3,FTM
0x3486831d16b8b084e87368e02d298f12d92e6891,FTM
0x68d3d9291424331063e74086d514f19e3f4edd5e,FTM
0x1a93c570251ec9ce34216af5eee618097026bd06,FTM
0x868d9a5ee67ec78fe793f5a9ca045b89a7330452,FTM
0x1e9427fc075dce47a5f15cfe7f6e00d91a528d6c,FTM
0x2ef4c52f3e76de125cb854ad948cc7b172c02fe1,FTM
0x60a299bc654ec399373fa377b482321a90220051,FTM
0xd64f518ed727905dad9ffce091ff323dfd7c85b2,FTM
0x6d75fc6c2d412ad34de62890a0f309ad8efe41ff,FTM
0xfd505e85b66ad71d51c973753e6a82b1f513192f,FTM
0x8ebab5e0615bc5cd53dea0ac41ac2c54307ca5bb,FTM
0x7a0d3f9996a9a85f43a8a8bed786b26065bab71e,FTM
0xde64eabfd59f5849be824daac7b8671578e059a6,FTM
0x7b545e9444b6a71c8ced8733e2eb7f511c13142f,FTM
0x9112790248638d4bc4a7686f15fcdcbe4ae97430,FTM
0xbbbf9b519ce30f08e5d65beff7e53d41e3f8d38e,FTM
0xf99c8873b972b4192e789f55ab954188d0d9a133,FTM
0x989057259d3a0d75c4c0e21584e296bbf044e722,FTM
0x60bcb4216d05c5990483b4b68e362426c222f453,FTM
0x4c7eabe657187d2c8c5f7e2bb453478f72fd00c9,FTM
0x402ea6895780b7f5b00baff49bbcd9881b29e096,FTM
0x0e90caa1ddf2184bfde42cb7daee3642f9ff54e4,FTM
0x4cb6c8de43da94db9927129eb0d7f25316ccdcc9,FTM
0x3a22e7b47c4c4dab73c8380957092ddec861ac94,FTM
0x7c6688906f3fe1a44f96a64619113914c0b9e40a,FTM
0x12e994a05311b41d994b1cc7d937ba679a75a107,FTM
0x7bb7f415afe13e63d128855592cf9671f3fc16d6,FTM
0xe3d37b1b353fee1e7bba0f09963bd6802ff2f1e9,FTM
0x23db19fe5ffb398320282f829d1e2413caac84b3,FTM
0x44d2bff35beb10b6e53a4bdb16595c6b8abd2f2e,FTM
0xd9b2c2dd6d17b17963c299849b1ca794a4b13ce0,FTM
0xfdece113d592e923b4e80a4a1fc52645d57dd0ec,FTM
0x61f2b17549834d740bfecef619907309f0071d8b,FTM
0x543ee6e6ec9ea35d8a7fc2d6e0856456915b086a,FTM
0x9a1abc22708c1e1b662043ee396c027aea6a7144,FTM
0x72e5f1b2d0a85c2c05a90b102b8e54b66ce3f022,FTM
0x93902de49058b5235b64eb6d35522da998b890c4,FTM
0x423e7b2b3bf52f8747d775e4c301bd1f4892c98d,FTM
0x88889388076d86200f112fa1de9b7c3786c91b3e,FTM
0x9950dd62617f6123551aa61de4a31a0dee02a4e9,FTM
0xad2875d54a233ee23f08235405f01396419bf881,FTM
0x769162779191b0a513d0d08db6135a144906c39e,FTM
0xa0049264e0e58d8010fc9ac0cf65541fd05976d1,FTM
0xea83db692d8881b1e4b924135eff519e1f31eedf,FTM
0x9abf037271376409d29960b0e2c0e7f6ac5ff983,FTM
0x24a6a269866e995bcff93e361b1f26312b9b23cd,FTM
0x89a99d5395a640db241fdd7c795a6368ad2f2495,FTM
0x7d34105c4731cd837f1e5bb0d787cec827432156,FTM
0x64f988af38edca39401ab23c84c1f02c4aff3f5b,FTM
0xeb2560b6226b45e9d460c8cfa074a85ef9f8da31,FTM
0x56868e178e90f2139943b826f0c8c31425bc5c12,FTM
0xe51d044586e4f3377c099aa67bc523b3b3cd5119,FTM
0x708cd5150bf64791f14373cdc9b708bf1c03954c,FTM
0xe086e03003f8fb35fb7dfaf58801adf72c3a68a5,FTM
0x5185b7aa5ba35e863fceef72cbdf6df0aec9aebb,FTM
0xbbdbdc12d1c542250814d003563760d0e55a7659,FTM
0x3E38Ef489af0E780fB1A18dB36B47EFCb6A859B5,METIS
0x0c6FA8487aa1F89640C8c59f392503cD21a24C8E,METIS
0x5Be66f4095f89BD18aBE4aE9d2acD5021EC433Bc,METIS
0xCB6586874cc04B01Cc4fDB777dE502cEa7b3D6c1,METIS
0x92CB8A7AF7133303A00CcA4a70b0E544a8435bd4,METIS
0xcF0FaB6963e111b58518072bb92dc3752b5badc5,METIS
0x4Ab3D7F4c46E511Ca09eeCDAC483e43ED96bd7Aa,METIS
0xE53f8Cc868dC2e0fb1Da5BD1b5E6404600A6DE22,METIS
0x7fA13526C6b6513D2599c4B6083ba4efe97950B8,METIS
0xB62F642d489f0ED524Dce84B35ED91021321FBbE,METIS
0x6aef48eA854Bc0e805232ceCbab2fab592037c19,METIS
0x48Fb55eD1Fb62ED26274fb805f6444bEa97c1F28,METIS
0x6ba729b63BB899fE74064b9B5921e30ec4405770,METIS
0x1AB18167ECAEb74959E565A52eDEAE55BCd879c0,METIS
0x5f20d84dbFCe7D9Bd5b43Dd22e650e1Ef017c011,METIS
0x8D869f609beD9516596D8563E26d4870f5f1AaFB,METIS
0xc4F3eA9A57445B7909A5F825a9fDf8fa5bFf3445,METIS
0xb7D4cc582BF137166E1499960754d32558e18440,METIS
0x8Ea3985F053500d4526Ff36ecB5E6E589C4C5342,METIS
0x9F6d8d7c57E989FEdf1D50d9Cf66c91DEf446405,METIS
0x17736063f4C89d746Fd7BF5719A8EfE74Cccb7B9,METIS
0x1fAc6EEe2197c98D1ef0F166ECcFFA8632e9a279,METIS
0x5A008fBC7551023d888976B8D410E587Ca6A077b,METIS
0xe027880CEB8114F2e367211dF977899d00e66138,METIS
0xbD07C5a0c16fed711326174a2E6331d15EA65D24,METIS
0xaE69116E4AA49645f78C1Fc9f28F677aeDE0d153,METIS
0xcFE8cE9EecE778b1f71555b56f7FCD68B17226A4,METIS
0xEBcC98573c3cd9b5B61900D1304DA938B5036a0d,METIS
0xD06fEe44914F8047525CDc726f2b805fb409A3Cd,METIS
0x370Ac69943E09e402fA8ce377e30d565a27B1592,METIS
