buyer_address,total_amount_USD
0xe9f40007ba897981748a515f7375ddcc22112cf0,198786.0
0x8b7bbc3ec647181473dc461e3124a7ad57989e1b,198169.35
0x7903d1053ebdbe1f50783752f3b0d834213a799a,176183.66
0xac207c599e4a07f9a8cc5e9cf49b02e20ab7ba69,116920.0
0x69258d1ed30a0e5971992921cb5787b9c7a2909d,83999.99999999999
0x1b710f7e7e3fe91ec6359c6e1d9f14a46d598614,73009.58
0x994f8e8c62f454a79c4f8c338187426370e96c2e,59196.469999999994
0x41c6beb49d2d471c1f6889c800c6ae92c6d1abb3,41749.99999999999
0x15acdde30b45b7bdbbb430f59faaf6ac3ab1972a,40699.380000000005
0x37eedb7ac276bd6c894e81b8937b0b0bab154e22,35999.99999999999
0x28e6a0caf4eb91439e0df4ccfc859f4bea96f942,35743.5
0x4cea75f8efc9e1621ac72ba8c2ca5ccf0e45bb3d,30855.34
0xe16341e4c1594c2696aa5492004dc15b817a3f5e,30200.0
0xb118fd9852ec6762ed38799cb43f0ad1f0d29a2e,26720.0
0xbba2379f5cc9a2f248c5cf18ad72379ae2478f42,26650.0
0x2471aec1f97963234532ffcc79f87f842830f57a,26560.0
0x543ee6e6ec9ea35d8a7fc2d6e0856456915b086a,24861.199999999997
0xcbbac906a26dc3830883d9b573c7d1245968ae75,24786.0
0x85edb8a0472365c3a2d5b6040b6ea6b4f06aab62,23100.0
0x1689560b668a2f063e2aa260d909a8d0bea55e7d,21912.100000000002
0xae1fa6dcb9fc88718ec6c10f334305e2182e9466,21515.39
0x137a48f028be804425428cdd1591675a583235e0,20345.92
0x84f4ccc36fc9d5fb1947949ae5572a33ad738667,20250.000000000004
0x70ddf043d521aaea0ed98f39eac0183fdc9e3640,19733.7
0xbf2bab8425215b99171103550c6b41e6bd04111b,17644.0
0xb16876d2a4eff6c6d2c4ddcc8377ade3d8f79480,16783.2
0xd898c9b2e58156df702d1d6486a3a4c997634081,16459.0
0x4c82e6680cf7c95d21aff0cafdc3b5f43b8bfa53,15900.0
0xbadbbe36ee3fc5bb8f1b59e4bb04f3c992b4b73c,15295.000000000004
0x77c67cee1d9f4145c2d185a304bbb2962c41ceb0,15100.0
0xd1ba0e59b256f7d0d1e1165092bfb19a26517e2f,14598.940000000002
0x190458082967981011ef9b48c8f2d1cd9c6e270a,14345.09
0x3a1b51be347cc35bee967fa6d32c07b63cd4e41e,14200.0
0x9915eb519fbaab6bec191c767a4e230239f95140,13400.0
0xfe92ecb2ff31cfcb047148210e144ac5723e90e4,13189.169999999998
0x4bf0dbf710311219b0f7498ea6910719debc4368,12628.0
0x571ebd4c979f1725593bfb129a24d595d6adfc23,12320.0
0xd02870666f7f1a54776449280d85a8ae3b4e7384,12232.050000000001
0xbbc2d5e79b4cb505c511f10f5774246b6ff83dd3,11661.0
0xee560680bd912cf3e3ba19f64edabc38c6e74b72,11305.5
0x124724852a01645eab39ec288703b42872cdd067,11130.0
0xc7ed7bf2a126983dfde425126b03693d40477ba7,11088.375
0x798fedc8b14085a3f834a9532fd733400aff62d8,10503.6
0xe5b7fb5651b51a1b19224309aed7128c6d88c181,10198.45
0x80fe9e3dbbb75d44fce3e277ee73af1bd34b62ce,9939.84
0x465c92b6b9314b2950df11b7fb7da085f37ff21b,9812.749999999998
0x64a2120b52cf24597f8b78b0ea995dd32c53b05a,9431.08
0x0dc4e81df0feff747f49b1c00382069c3779c7ea,8450.0
0xc5ed67c5b385f283c9082500183d4c3682ed8c57,8200.0
0x69b5d1f3f736116cc95dc1820a34d18649d5a479,7950.0
0xa0009e0a00be5c7b0605d92a948b7651d2f617f8,7950.0
0x0bda0f33311e65379461d0a555bbd7669c0eaa22,7950.0
0xd0fe971732e547059ea6009c79a2d6155bdb41a4,7800.0
0xd16351f6b8004eac0ed645e40b2d2ff254975543,7751.0
0xc4e4a79ab18cdab4c91d5d2f8b870d350bfc106e,7700.0
0x170b6ee0387762acb551310e817febe5f98157bd,7095.255
0x183d9f9c2041cdfe8ab24aaf05e27c2be50d2424,6990.400000000001
0x502a5ff7d4e4f4c9f01d483b5291ec62ea588a2f,6748.0
0xce185e777e2428431936ef88bb068709639bac77,6447.929999999999
0x5f20d84dbfce7d9bd5b43dd22e650e1ef017c011,6432.0
0xd3a13cc4a1108944b0ed45aa4428e19a17cca9b2,6330.0
0x32144a3f0ed8145aa42896a811c7a7ceb1717f24,6301.58
0xd7ca10036c597f01a58369b352da57710943dc46,6163.63
0x18e2742f261225f77bb61ae2afe9eec5a9d0d44c,6080.0
0xc6428ca05abde528b8765ec570c31c99f9b6f4d4,5855.0
0x5b65fe3e821a97785945109743d7fe4a0013b3e7,5688.5
0x819afe0c395a07af7f7fade5d57e556c8b66b699,5672.76
0x699cd0c7d6d41634c5c37cb64ccedef14fb9f9b8,5628.0
0x9aae12dd452f78ae8919c2168717e7348392ad11,5524.09
0x93c686de8ec7addea7f743761c41714e5862d572,5495.0
0xe2777e09e622e4b4fdf2c31385b79d56657a3a4c,5487.0
0x3a51aa75f571ddc91a3cda24cd6e8a3bf2a387b7,5428.26
0xa064b34dc0aeef23e48b400dc4b0a3f940b55865,5421.0
0xd14ab59a934a22b072f331453c205f85c168aae4,5400.0
0x0bbf985c75260ebd881740d51ecbf5b3b0ad321b,5264.9
0x8fc6003daded7aeef374ec36030d7770fe41ca3b,5084.0
0x65ed78c554fc4e43f7e211b2aae62ecf7d1ab99b,5062.5
0x2239d1a741c0e009ae867145a88cb088d5cbcb95,5059.0
0xb1e55c1056238a7a5e5bb0cb924e75a96d7f88cf,5025.0
0x35abbca84d7e6a4effd415d0d971b8de59c233f9,5010.0
0xb8d01517a8e60abd593cdd5c13d64a05b0a7de49,4900.0
0x289a74cc1306387877fcc9bbcac0fed15825b473,4710.0
0x99731996c0586e61470f99ca42520e6b17932a71,4692.7
0x45da535f21331dcb238f6e8fe2e9715028249d74,4691.6
0x79cd5a4c95b6a0a44eaa49a41df0226a5f9fd6f1,4609.7
0xc766d73be01caa06834032bf5c8f8f0f41a7bf36,4482.5
0x324336217a11b59769b025d60ca3791e0b9e4c7e,4412.46
0x508602e550cdcea8e430a1c802001ca02d86f8ed,4250.0
0x51d799582336b9c1a0c8b3c5588c504c20467e3d,4230.0
0xfc969bb1697b733b65e5cfcbbb250a1f9e8d5475,4225.0
0xbb8ade1a31a79422b425e876184724c209f78289,4200.0
0x798e3ef20d94b80bce7e23402b61f4937419113e,4140.5
0x40a59902e7d1d80c8f9c09ee9adfb865d017baf9,4116.0
0x153b4f4f2c6c284f844a53eb2e097d23b7bfa4dd,4055.0
0x70be2bfe60d875faad5922f2379af1a0afc8e754,3998.3999999999996
0xf278f9728551fe0d1ae6001012052d4ca7757f0e,3950.7999999999997
0x700e7d3eb1127336dc51de98a6d968d4c24167bb,3943.0
0xca72f3c23a2aad91a25d002c4bf13ed766d3846d,3919.9999999999995
0x15858fb53c8aa6a024cce669bbadcdcaddfc1ad5,3907.44
0x4db69acf5ab21de55c1dbcca93c38b5bc6835268,3906.2299999999996
0xa5b5b85f0c5209998be7aa72e17f0ae289bc71ba,3843.0
0x2462e450384ab3f89104229aabec4c5f7357efa2,3816.255
0x5a7a494d2d540717912c84d0bb956c3c3bccd675,3585.0100000000007
0xa0d4b74daf7c64cea78fb8d1f9f12f44107aa85b,3502.0
0x0b2d830f3b37df12b043c70a44b128a51a15f6bd,3499.2999999999997
0xd0392e43557dad622db230c515ede5810e085ec4,3444.0
0x22525baeebd350852913070c2ba57a6cce989c2f,3444.0
0x1160387a36953afc5d80c0ea7b6b5447774af8e5,3414.75
0xcbbbe8b6cb1d0de071728c36c29db40918f98231,3390.38
0x5b7897a5ed54642e388b9bc470912d27f18d98ce,3380.0
0xa14a711e5d6f38bccf81d703cb8a949f9a1d3cbb,3373.24
0xa3e1d1af0c2240b250ce8632dfdfae674947a538,3353.2799999999997
0x73dd41be92d5bf2ebd0182aec6f9fb9e83262206,3351.93
0x8e20118905f7a62dda3819894352602359a5ae8c,3306.6
0x709cb5d672cabab9d50250c0af982c52b1b233a1,3269.79
0xe2efa7c8a0769e91af174870dbddc2d2500c08a3,3240.0
0xb5aa18b5b83d0dd0e5b78ef72ef35d13ed731a03,3220.0
0xbfc016652a6708b20ae850ee92d2ea23cca5f31a,3192.0
0xe4f2023783aec5037d1cba8095d89db89c7e5aa6,3160.0
0x77a6b981f8be856e1670be732df657350d8ff0e3,3160.0
0x169945cf64ebd10139bf7b85c86bf710947ac9fa,3035.66
0x9029c2892a447b62b7de18e23a43f03417840256,3020.0
0x8ec5d230232f6d48353106cf8a911bb2fe435394,2983.0
0xf022f5a52ed036ee612bdb3b0ff3d41f134b7aa6,2873.0
0x40b66cd81949be635a7596b4c08fd23e210412a7,2862.0
0xbb674c3251c4d1fcbc4860dc707daf94c286a461,2854.4
0xb0724d41bf219dd61384619f2513000d9d7d2ead,2844.8
0xbe7dd82facd47d3598803f44cb980078466aeba3,2836.25
0xcada753152577217f9b1dbdb175e5cb6051fee43,2800.0
0xd31e79aceae4fe18fe300e97f03aea3ddc0d9add,2738.0
0x5223c1c21c1894ee58ded4d09ccfa239a272af16,2562.3499999999995
0x57a3edd9cd6ad5c50e93c0499855b13a97b8d4e9,2507.72
0xd25162374e5eec71c4c25c12d00d1d85251542a6,2460.0
0xd870e0af031778d00d53943bd55e00eed0d3013e,2452.7999999999997
0x9cf40f5fb40626e3b242049da8c7e013c0cddc19,2356.25
0x3bac6de48b10b51184faba45547b942039772355,2345.8399999999997
0x23fa4be9954ecfa249b1ef5c027eb113542ac9ba,2338.0
0x41f7cdf33466ea516f4fb66eb7ba7bd4ae4d1056,2296.9100000000003
0xbd24232607ed1e583fe27b1c58a6ef7a9c58e46f,2272.6400000000003
0x913d97dae24a2564b0b092fe99e0df5291a6c086,2265.0
0x69cd1c2e13113c09a22ff98cbd2db3f682f716b4,2239.125
0xa60f546f1e74d92e13a2690a5ff871118f1cb049,2229.12
0x9f5810960af877e908637fcc4b3ad87f53469232,2198.0
0x483c68b81446504c2a8c5987b49cf013944d2a16,2197.0
0xc3a84268a94f1cbf72f5e5f83524011caf71fe43,2171.8900000000003
0x838260ceb50062e172cfa293270025506642a669,2145.0
0x02e4883aaf6b3ae671d2c9810407bcb01ad7988e,2128.0
0xc6556e2e88f9a1b4cb8b995a42ba2996fde963bf,2116.36
0xcc6bb37ce6e9b92452e0209958c72cceaf1518d5,2115.0
0x66697dabffe51a73e506f463b27e388512ed6ecd,2100.0
0xf6f7828cb124e459478f47faa5b29eeab5f014f1,2065.5
0xaac2bd4f44c02d3a8a8f4ac88b87a91ab7ef0bf2,2030.25
0xbd1bff03034ac340235e48ee35c85b1121b8198e,2019.8049999999998
0x8e097b69c474d522bedaeff4c58f760c7b480195,2004.0
0xbf2b071a6b207d41495c4a1dc5b051fe1d462fcc,1959.3700000000001
0x583e1eb86669456c72618fb789311495a37e4508,1936.2199999999998
0x1e6ff9effcdaee26e7fc16f391358f6d9ee49df5,1933.6799999999998
0x7bf7b7995bac3f199a08e94da57b2df4afff801c,1860.0
0x9902c6a422a08f189282582a105a7b12124380b7,1814.3999999999999
0x387b2f4bd572a84c732642cd3b64282e05ccf5a3,1788.71
0xc88b926a00ee23b87b98b7c390f5192e588a1e42,1786.33
0x423d9e79cf8c1a88f2e54583c50cf3453a1c7373,1771.44
0xb5b1a0c74c335cb3dc548f870f0b7c260b209e2c,1757.28
0x144db4e3d28aca86ca6cd7ad6fa3cdabd3200ff1,1754.51
0x5d839396809ad81a09d3f1a55ea6027d4e366d13,1719.6499999999999
0x5cdb526e3024e5d4de0212c8e02d92e504f63c4c,1706.0
0x08e504415a4480d28e02040151c3fb1d9d653fed,1694.91
0x0a85f4bbbb08253b862d7a3b440f19e844ee3846,1690.0
0x51d18e5f6fa6534bb2fbaaf90fd6f3336327fd16,1690.0
0x0bb5eb7229ce9b65b2eb2743f8bffac4456b3661,1690.0
0x6496e0f4f7886829ee18a2ceca35aa0dbb559716,1680.0
0xd581d17453997652c7c3a6c61cce5b115522b33d,1680.0
0x3d54dbee5c5d0215246199e177f629e607ceb7d5,1670.0
0xdc80a6e8aa91889d481f529a36cd9897e8daf4cd,1670.0
0x74b4b8c7cb9a594a6440965f982def10bb9570b9,1649.175
0x865ba724b68891f1ddf8a19de522856a8219fbbc,1648.5
0xd7aa97fb443acdc38622056b963a5e8893f18c1f,1630.0
0x955883fa51d4d91946faf574946d78da5daddf22,1622.52
0xf725cc2b6ec42fc500f85e82a4ba6289f65354fb,1620.66
0xc173ff601b33b48a048e9fa641497b1889ce6680,1616.0
0x11c83c89c5042b74a10c24531fa49b3733d02c38,1610.0
0x9321cc3af75afbb8d05abbac1be64fdb37da42dc,1610.0
0xa7a7e108a88e137ff754306a9501e65c980a65e6,1596.0
0x4bb86ad2ba714dc35594bccd5d571d5dddb4ef9c,1573.2
0x525b41c72c4ea3af9fbd47ac8e9f1ac87364908a,1570.0
0xe4acae24d3c19f0a086e7b9adec13732de8a4faf,1561.5
0x65ff30419af66c57750ac11bb8bdb970078e1029,1560.0
0x18ec0bb55ceb0d54f3600f8bdec7d5cf5b495595,1560.0
0x12e994a05311b41d994b1cc7d937ba679a75a107,1550.0
0x0c999f497985f6b045cd75aef773f324546faa61,1510.0
0x9864a0a7bc6a5848f48d0a21235f82eedd85453e,1503.0
0x01c81c0e0cfd968a96cf08e3dc32f395a9dc075f,1500.52
0x811001539f80e79a106dc309cefcc23bc59a8571,1500.38
0x4c7eabe657187d2c8c5f7e2bb453478f72fd00c9,1499.96
0x7a8e0c1fea45d4df4aa9b3abb5d7d1fc11683d2c,1480.5
0xff67a7b7c3039acb7b5133dd89b65491fef96331,1459.52
0x62058f928e0b8af1279670437d7dfd9e55e34560,1437.8
0x683028fc63477b8a702cfe7475865952d3e8ac09,1416.69
0x7cfed2a2d4a98680dac6aa55120f5af2ec562ebd,1413.0
0x4f023131a6f8f0f92cb74bceb3ad973380c6980e,1413.0
0xf0b080f40b276f5fcfa28763fabcaf20c68ceeef,1410.0
0xcfba49ae97a4d1982647523fb217864c6f332f68,1407.3899999999999
0x872e0106811e38a8e8d43fbdd403392c8211b852,1400.0
0xd5fa57fd1b51f2c190756d6ac75667dc1c0fa532,1400.0
0xa9fc99944624140c57563019335b8add5923df5d,1390.0
0x5ce98a20f809a29121e8073faea6dec5f2957346,1390.0
0x0eaca1bdc1ddb3595ed5347eb8d69abf64cd8b90,1365.1200000000001
0xbda243b093404f89a744e44efa35f06d098efa2d,1314.4
0xa7c0e474a9f3207db3f7ed86c994e2c8f144dbb1,1276.5
0x3d51b84eec25471a281a90fc4c6e33b925964978,1260.0
0x7f0736d78bd9683d586e7af57e4f1d4672678f66,1260.0
0x1f92b5affd12981ef0fa7ba22a802379fd36929e,1219.89
0xf626e9a2fddbf55b0b1a87c56128a7ba6723a85a,1204.6
0x84bbac66a2f6e84a274d2246dbd0e8e708b2f259,1198.34
0x8a4011c09417a536694378a71b15bb2690ecf9b7,1173.0
0xdccbfaab304e73f1775ff8ef791220c8f94e274f,1171.0
0x04babdf0bb25b7f651398e02677e85d99289112f,1167.15
0x57e3840e831e82b69ad9bdf104b82ac979713f04,1149.54
0x13df4729f8bbc76d05f81c6f1bcacc1b62c4993c,1139.06
0x64c174d4d18be87555bc56ddcd8b71912a4c1811,1112.1599999999999
0x65cd9979beecad572a6081fb3ec9fa47fca2427a,1092.0
0x7e6ff442692d9e662521ea0b8fccce0f19f6aba5,1090.6299999999999
0xce59fd95ea744b1d2ab1175650e3b2f17760e484,1078.0
0x01445326f7023b6c69eeb0eccbbac6797af3e76c,1067.29
0x91960c1cc552525ad5bbba85f10c8651863a5e62,1065.3
0xd473781816837c7cd2fadc34e66f09786d2e2694,1046.22
0xe5ac0b4832d027feb1e91deeba5a79c7c2c83900,1012.2299999999999
0xc697a324e104e41db68f376e56022ff3c72a9173,1008.0
0x1f2dafef7dcd1d8e8641ca6e3283052d0e23f7aa,1008.0
0x1c3283871ab8df8dde77436eff8ce5d4fd88efc8,1004.48
0xf075969d04ab5d10727fe066631c06ba22becc7b,1003.86
0xb5de1695e92ad0a49ccc0f9230235d3f860c4e50,1003.86
0x182f403ac47d29b423bb1a84f39962d2b6d2ed9c,1002.17
0x9b7fa79317a864c54b0bdf852a932613f8540f3f,999.0
0xe751970824f3bcbf97e611e351c1136776be1ce9,997.92
0x253d44506e160fa49803057fe3a65d482a318690,989.52
0xce819468be3784c2ed880e8ad36b68621ed9440f,987.7700000000001
0x912f6da88e370b8fa4cc73b832924d7207b863ab,987.54
0x8eeae0ac706b3978b14702879427fe1a23ce3174,985.8000000000001
0x77fe051ec66db6c444386918600116b047b664e5,977.85
0xedff0452a76e278ba7594d17264a30c26b56712c,960.0
0x237e1ccb114c2c404ae770236c7420bf051829b4,954.0
0x920bcba669734d63db9899e968959e99adcfe850,942.0
0xcbbd18d3ac27ab0fffd04bccd091b2802c92e0ca,942.0
0x211c1ba2148e843d10790a1d041632cbecfe3fa3,929.6
0x6a86b33bab9231db713345bfc9643135d832e0dc,926.3000000000001
0x081223c2cea1d7288f42276cc519346019b3c479,918.5
0x5843b7a9837f1fdbad1c4f4c8a3ec4d3737eda3e,915.98
0x68bdd638ecaa7565e1393a4ea580006fcd87f3b2,900.0
0xd54d23200e2bf7cb7a7d6792a55da1377a697799,894.0
0xa3f9169ba2e9baa25e6e73568fc4f02aaea41b67,886.08
0x4815bd360ca6725b418a861422558c1597481c53,883.0
0x11d3ece4fbf6881de43a001aa17b10322e2684f4,861.9300000000001
0xf02b93505ee2c2b87859636b55565bedc443456d,861.315
0x15d5735f6894b8ec7a808cd40d050f64915b92c5,856.0500000000001
0x413e5d1ec9227e1e426acfa74fe06094b9a69156,851.76
0x0e907f6c2f80fb347084c31fc28aa222b865b9e1,845.0
0x8129d1c86ba95957b80ee34738d24a513000ad97,840.0
0xc50eed2291bf90c62220dbb77d7f848be15c9f9a,835.0
0x4936f33b7b060c7336fd0e4c61316ea248da6827,811.76
0x3e6f946ec358dadf27f86992a72e0bd281e04704,805.0
0xf3324d1c84f9183f025ec78e863f62f3e6dc1f97,805.0
0x596888345c9e3c6f7d0f4e5d8590941e2cab52e8,805.0
0x7a49983815a5f0499e590698c44adfe766e6812f,804.0
0x0133682790e6779ab5e69ccf2aa9d40b3c893015,801.0
0xee1d9ae5bfaed69436b53618b936e2ec994e4b09,797.3
0x0706c008257d3574ed38e496587074814750b6c3,790.0
0xc147015d3298ffa4139205072f7c7400fe4c073b,790.0
0x1f2c87b25830c710a56b2aa7035342d99bc1cbba,785.0
0x6266431213542bb43beb87d59565d710bdf15c38,785.0
0xae78bee2bb202f823b3323e521daec939f8d7832,780.78
0x14c018c62a171cec8082a1a94164a14820e6af42,772.4950000000001
0xbec2027dd208e21e8d25821506562aa658c0ebd0,765.0
0xe0f7a13e3b038ec45d2b2b6abf999fa20ea2355d,765.0
0xf2de055987e95a0854ad3a8f4fc42cac275e2d1c,758.725
0x41a6ac7f4e4dbffeb934f95f1db58b68c76dc4df,757.35
0x8a87448948625e7ea7822bff2c740c5cf9723d4c,748.8
0xeca5e3ce0774372e71ce9b3675cb07c6677c2d52,748.67
0x83678fbcbcf8af5a083027097098fae2734edfd4,719.9399999999999
0xca5f20116387b52ca837fc02d7abcdd21e9fd96e,710.0
0xb5ecc7c8fb021495110529e78c0319bbf4ef745f,701.8799999999999
0xa5a1f2fe535a22350860bddb75c63d38fb1a0518,700.0
0xb7f711d6451043fa0db64db17e01c0b0272d3766,699.1099999999999
0x6bcde208395225aa5824ff46296842109664d98f,693.94
0xfff8c710f0e572997dbd9ccabf6aea6cf13efc96,690.0
0xca7684f986d8770190c9003c2322d1e1bcb7649c,685.445
0x07f3ff063f09d05b6653226bd6434c78cffb17f3,685.3000000000001
0xd376f87249f959555efd518129e29d4d792d4847,680.0
0x0bd48892671650cd5377368ebdf9a19b09837f08,675.0
0xecefb0c5be936fbb1659ea47546bd67f3dcaca04,674.4000000000001
0xd1993291ba29bb13e8add77b5b4e4af0586c9b1a,669.9499999999999
0xce44007a0a90dc201ed420f5b072abf34bd2da51,668.0
0x61031b24bcefc7d1c46e5e28e58b80179e56caed,659.95
0x97fbfbf00b93a10fefa52475d30d33a8eb367e3a,651.3
0x0832d81a732648508c4599414e514c28ff0a0ac1,649.8
0xc3e9704b5ff6319de2c1b6acaa1039b96a22888b,649.38
0x70bd0c8042db5e9babf481eff8c8f1b286c96fcc,640.0
0x396ab8d5f50464939218ad967a5a2fbbb94f4b70,635.5
0xc06830694a5c22278ce214cba0df198486a68d91,631.0
0x2d143e65efe05ebefa16e8119085f9394e865dab,628.0
0x23e817b3982ba0e033dab4fa1b47088418ad6b2a,603.0
0x7e639a0879ef119fd6a392ce78a029e88699f07c,594.44
0x3ca99a967825891e2ae4f5f05367ad7fa83f22a9,585.0
0x57f43958a85243e533cf030e642f2fe0d60483c7,578.0
0x9c2abe8c4d6a2005ab5d578addaa41f9c60a48cf,561.6
0xc24ddc9c78a354f8e5d4b7c45bf6e8b2ee6ac40c,559.4499999999999
0xb23b8b5ec1815b9dc27909c10ab54bb49fc8bc8d,559.4399999999999
0xb1561cacdff8d0077e1fb4c011a93267916a9a65,559.3199999999999
0x075a3d49c637252b83c3b0a2b1869b1935b23183,543.78
0x941b6117f7059c484d66e8f24ed38cb40a1667cd,542.75
0x413c45864df2368db1427e2f34d8bdfffb0913dc,541.0799999999999
0x9ab8b1effb50ee4d80cfe66c30910aa4867d6060,540.8
0x837ded5fcf1b1b653b7b88a62d4fe8399aa72bff,539.325
0x1afd3a258b1a9b397a24a239bb70444b478deedb,539.0
0x3623e100724b9da0a891a39372a9ca434945c64b,533.8
0x66246bd777b2d8470c84b5a05cc682ce06972651,531.92
0x44bd6fd314dd5aae5100f7a9932575207fbc3bd2,524.8
0x7ae299a8358b00316e7541ed89c7c608893d9d8a,517.945
0xd73329e8bbe79ff75f408e71966e0e79e74dd250,517.14
0xd05b01070c4341137f4d1731bd4821336bf65f03,516.15
0x742d9cf9f8998318282362f3330e2735ffa60db1,513.635
0x4413a906a012f06bd0abda5eec45f7d67b449284,508.68
0xe670f0369d0a7bc7ea89d06bcd7174df4be7eb16,504.09999999999997
0x3750628d09a790d18b8cc854a22205adefda03d9,504.0
0x32d4b40e0603256aacda8bf9d887506c4a3e0031,501.0
0x5ff9e0445eb49f16c9d83ddb5d2e7886112508cf,498.0
0xd81ece64cefbaaf02584d6e09924e1c57eac64b3,496.92
0x78a7cfb24afc39682b05789711031126d751c953,495.88
0xb9ef85fb70e233d574479fbf02eafbc72efd1e6e,493.47999999999996
0xb7542735bcad39f7294f981ed0adfe887ca18225,489.44000000000005
0x9f434a0f482b781f169b5c0b8ba40d26f2ee5d2b,487.78
0x09b619afafb8a6f69afee546145dc219b38a6a9e,487.11
0xfc5a548ef9ad186af95375e3b0fbc8ee6d5ea469,486.00000000000006
0xbb959f3e8dae3d06bfcbd4edd25845a7de571216,483.00000000000006
0x59911364febc2d11b76d64c87fdb163940b9563a,482.0
0xffec26c4ff03bbaf5119b797595f7e73062cbd98,480.0
0xaa2d91bb050c99237d51a33958f1efdc1cabb52b,479.19
0xab99c070540ce0aa4c7b978584a6edfca5af37ce,476.44000000000005
0xe84a290bf2af16be81ee79c855bdea10f07c3a6d,475.43
0x945a69a6f77ba28e97a4d12b7a9eab8811313848,471.0
0xc57fc8fe4c6291feb42c8506b09491515eb5971e,469.55000000000007
0xac0537fdb3591444094004791182a0e5fa3669f0,468.51000000000005
0xdae8ce9c04af31c353ed4324149811eab297eff5,465.0
0x6c45f8283fc5ce5e9bb1dfe4becf4f9e9adaac75,464.8
0x92ea5536b1de385175d67bb6024a98e48edb8aae,464.54999999999995
0x52ec352d9932f9ced5021690abb3e61b033ab529,462.58
0x2151943f25dc5b62d18e88e810a2fc7f990043c2,462.47
0xe611194a2b49466353a3c51d19cee2cb314ea979,462.0
0x604b034da608c682b12a577392a7f3d3f8c9176d,462.0
0x8e7b4fd21723b8f80de32fa6cf03387fb1203aa5,460.46000000000004
0x70083a816329942e7e962829aff470b3015ff545,457.53
0xd2b19fda48871e4fe48ea66663902c224b74cda3,457.02
0x6eab4feff315eb598a919c5cb92bb4b67edd7d12,455.22
0xfb97fae6c8dc8098edd56247f477f79318254c44,453.14
0x5d3d86d89177edcee19a2415a9c13de3d6fa33b1,448.90999999999997
0x56f2c4cb8518d0a4ec749593df574f7597a36140,431.46
0x8d869f609bed9516596d8563e26d4870f5f1aafb,430.675
0x9b81ea563816f990013551d6ec602e0169bc9058,428.4
0xc5240d991b241c222f38a599da988f4f3cd78e55,420.0
0x4a3132c8f76090abba124a351c7b8c1c38f17085,413.28
0x8a8255865024d334695a3e09653a452c99f75bab,411.59999999999997
0x9b25235ee2e5564f50810e03ea5f91976a8ee6fa,411.00000000000006
0x2d6041608b45db9cda3e3a1b832823bcd8c02bcb,410.0
0x39d9568a7b2c9c3020fbd19f9d2fb52aa65806c5,408.24
0x13579715cdeea6e1e95a5443d83021c503e66fbd,407.64000000000004
0x3228bc24472e2c90c18ae48c788bcef64859bfbd,406.05
0x40f79e0a75762505f87200226577dd50d1b4bb24,403.90999999999997
0x9065431a087d8c0293279118435847159fdb2370,402.5
0x92331550e4ea64485de3773832b4f45e3eff3d2b,402.5
0x1bc081d683d7b7bafd9f7e96ba667b8810373fb4,397.5
0xba6c7666e9a26609bd385a7b91b4178ba6148ee3,388.68
0x0fab40a6e43ee85dda2052642330f75c6d86f7a0,385.0
0x1a1e852f970a231d32271c88162e222a09c1650a,383.04
0x91bf93e274e5e15a31cf748cae0ad5d457dcd5f2,381.25
0xb22d6eaff29d135d6e3ffc3eb389729df7d2cf11,381.15000000000003
0xc216eb36ca25b3937680af7375b7aa17e705def1,379.25
0x72cb37155a8b58c442fc9d6ee81318a28f0e5d77,378.0
0x06850a5c42d8f51c5b10aa573a9569b75e1666a7,377.91
0x7191bcceed9860a719e4b8ef622d420c10486b85,375.57
0xef168d57e079cd6cf0878d8e0c2db247a4da310a,369.72
0xe14a13b8eb93b6569a748ea57a1a97025fc82be9,368.5
0x8476628f0bb288822c01f718f4ad79991848c92d,364.895
0x6d231f4b6fe4fefd4a584ba149c08bca946b1b2a,364.14
0x251940ac86500ebf7ba4068b914279d687cb0987,353.25
0xeacaa7d9a5ec8c171d8250a95cfd4614ce779c24,352.5
0x45914394e2ff8322228a5e7b6577545e12299bdd,351.0
0xaa692b9a88456f5f75efc9a4b7b74394219ae43f,343.2
0xb246e883b098b1e20dfb9eb510e256a7b8a32a12,342.1
0x7472c48649d797e06022f28f4a8f58cb1c001b27,340.0
0x9f23615a8f4dc11bc7056f695ec4a8142c5cd551,338.7
0x00ebe3f364a55e415419a5b01bdaecaa70f01f31,338.59999999999997
0x9c8d3a033d2b522514eae3bf7097d4ce438fa246,338.0
0x8f2c46ce880c288bbf0926123814496a9842a591,336.0
0xb0eb8b4003fdd74f3c7994fbe5fce95ad10e3bcc,336.0
0x0b40ebe75cdc9f581c4aeec7a774b68ba04b1b56,336.0
0x02608d35121db289427f6fd4fa53e93b5cae0bdf,336.0
0xfec0d333b0d6b91a4c5599c82e13ecc198e23edb,335.0
0x7f59f02d43cd2460bb8ca8d8537d76d94a95ccbc,334.8
0x955ecc1a2ca06dc29d37be3713df3329c92e96cb,334.0
0x0815edf1b6b10b8ced00a5e58634ec563197fa12,334.0
0xd17df77e701fa098835a34dcc79ff6da0b07a3e0,328.3
0x6dac5f7beb9e4f31d5b992290f54f1eca1bf4549,328.0
0xfb565b2fefbf63ef61d7d7bb4916ff8c75aa48a1,326.0
0xe071b2107f42fd40d6fa4b951bf4253cc8146de9,324.0
0xc61fe3b8f347cb3567b0bb69e69bb7d231ea8c7c,324.0
0x7e028136aaf176b8e338581c0e62857d8b7f5ef4,323.40000000000003
0x03da4af92cdfe051f70897ad41bb80a24f08eb7e,323.30999999999995
0xacaf9619d7f9a3b881310c57f7bc3b2e4d0b6bb5,322.0
0xb0a8214d1b11f0f3d5175390f7aa6c13a84569b0,321.1
0x3cb40181ba187ce92ff54700767fafd9e537fca7,321.09999999999997
0x22a976524aeed631aeb68473ec4937d2b2295112,320.0
0x795a1622517dfe1b478c74d68bc17f7e347720bf,319.2
0x19b299a8878df209e274233a709673376cf4052e,319.2
0xe0c0a67871cc836c6958acc09cd4a2488efa1cd8,318.0
0xfc4ad499cfb7c6a9e730723ab25f8e8e87f683f7,315.90000000000003
0x34960c4096c0d2d8b95ff75f60077dc8eccee620,313.0
0x2965639412dabff28cf3e2cd5e05c14bf34005a1,311.59999999999997
0x54aeb6d0206916f810ce26ddf7d9206beaf32241,310.0
0x4fa618af94bfd5cb8e4a62561b1201a7395f692a,310.0
0x46f098d2abb36e4d56d9825b1fe5b3b3f6454ce0,308.5
0x96050c6a1c62b7c759a6fd4d945c64136ed9d511,308.1
0x053a37e1daf001528c7c9f0a23b50de105613a73,307.31
0x1ab83e5b42222fa81fccaeef8e3a844132ed07dd,304.2
0xe4074b6e107915750521860ff0874f8d5c0f52d7,304.0
0x446af2028ebc2a727562b6007a942c098a3945e9,302.5
0xc9c17b24a3e97783c018ee20259502341ce09732,302.0
0xd8cffd57e8f1c435aa9a1c8fab3978f6ca26cba6,300.2
0x7958de6db085851b0dafc2b443ab151845118816,300.0
0xac3d674e13736c32249dfbaf64c3316b13a92ddd,292.25
0x35919a67f5bd4242d49b82890f8977f803d9f3dd,290.38
0x467bf9f3ba1421213460390e34f66a48adfb0ad2,285.59999999999997
0x2de5399d2a74b87bf2f735ae6c3fa9bb3619d43b,283.9
0x43e47a90990b0357c5988ff416e77c253f618274,282.75
0x2d4cdbb646029a6d0ea7939a27421faf35aac221,280.1
0x7c33b2aba57dc50c1b7021a414d814738770dc22,279.225
0x45a005bec6ca9f438c6556dc11051744abf9af24,276.0
0xe56ea9bd7580eda668d165b9426031d5287144b2,275.4
0x82a42405484f433dd4cb76c2e1be9a37eba666d9,271.25
0x2e25362700cf06eaaf4845c34789f67ea1b78d56,270.48
0xf1376fe0e1b83eb4df6d9f5fc210bb60716f3f98,270.0
0xb36aef608904e9a7db8828f8ea893bdb6e6c53d7,268.0
0xbac215659437ea772aaea14320287c22cc0096a1,262.35
0x9b86449941d2f226a2211553f722c76c06d99bbb,257.6
0xbc16d9213fb7466f5566a62e38f7843246043e04,256.7
0xc7d55cb2ae0066e4bde697d2c486835566ff5cd2,256.5
0x14ea43a1d391339dd3ad9ff373258e447b3ea2f8,253.5
0x99cfe46a7cb63e225d7670579f1f80ce4140e49b,253.38
0xb1d4792f43098535da6b589afdd762df94490c66,250.5
0x008ac56bdd1231c72f93958e98c45c323a530819,250.5
0xee241687c6496bac374126fdc4deddcc3611ddef,250.32
0x84d0f74d21a89f86b67e9a38d8559d0b4e10f12d,244.8
0x60f0e198c2157708a2188a19e4b86489d8549fe3,244.20499999999998
0xac4dd773b0e88caa7e5d1fa75d3605ab1bd557a7,243.24999999999997
0x3d6d0dd0ee23fce3753ec2d585fd87ea6556ac9d,240.0
0x6d75fc6c2d412ad34de62890a0f309ad8efe41ff,237.6
0xf44c56acbe78dd7898123407368230d5c7fd6f2a,235.55
0xd602015301f27ab83c86692aba077f22014a3a1e,235.5
0xdf16a184a46c604d1eb15af70f8febafa1ddcf07,235.5
0xf1af030b6dd40c88788b8b170ad817652594449a,234.08
0xc13b67fd50ef39ed071a4592ed81df3d0e905536,234.05
0x54d5247b1db1effe8586464284144c40a7fd388b,234.0
0x46f8fbea35e9e2ae619a93a0cf5269b59f551278,234.0
0x1ab8eafa2b2d052f7675a040c6a10c2fdabf6fa9,233.93
0x57c4b5ad7b770d21b63aa5878350f6fa44463455,233.79999999999998
0x082370c203b19508281eb57fbd8b104cd9a28fbd,232.5
0x5277d52a5c001c6fce4bd21f9daa05c91b30d2c2,232.0
0xd76cb7197af9d26cf143cb6c9464820aca826745,231.0
0xa2e00f8ce10737bbe18558df0aa8ca272f5b5ba2,227.65
0x26ed28800c28b1c6912c350654a3e5d867cb620d,226.58999999999997
0x655d35a7444ba8d6cbbafccd28f12b8629d3c8ce,226.45
0x74b3c9888e54d2b500dada34402a3fb46e38a258,223.07999999999998
0x093481adbb26252ac4adcdc56fee8bc83b5dabef,219.20000000000002
0x3e763998e3c70b15347d68dc93a9ca021385675d,213.73
0xf59a1bfd31f77cc94a6d724e03086e42c3f3c8c2,203.85
0x55ca3e493bb8ee9eb8bf9741446a4d4016f2cde3,202.86
0x06e01e79a6bcd6b33605c5d2096a4c3a3e8c6c9f,201.28
0x7dfc164f390a051f2483532d1756d80b76ea4aa8,200.64000000000001
0x4f9c88beb3261438687e468b7d531d37c4318632,198.75
0xf1b30f282a4e5839286b3a2f67aaa8f1abfd0f5d,198.45000000000002
0xcf2697b675726636e7be70586df52b0cd56df6a7,196.25
0x9047089727e2e644cea28836efb5f3b3c95b5b36,196.25
0xe0181a72c512de97a75433aa67288685980ffb7e,194.35
0x75ab62d21ffde67feb2f8bd75a95bfe957ce4497,194.35
0x4f80cc7c3c0af6b1fb1cc23106845ba35e771460,194.04
0x5490dfd4a564ec73fa17dd2e94bea1b362ce434c,193.2
0x86ae657b0b38429e8072523f459e572f777ca276,190.4
0x06f9e5f8f5c170b9eece58676d932bcc398f52e5,188.75
0xae69116e4aa49645f78c1fc9f28f677aede0d153,188.75
0xabe73c0b2b972484ec91cdc513f32a3bd50ecacc,185.9
0xe34b5d83bfd8068181b4a286c36254e10b07f417,185.73
0x95859ed507ed13535de6fe0551f7363d4cb878c3,183.75
0xe43fcf1ee4344f517effbfa13a52ffb92e3a2c09,183.29999999999998
0xf8e7050be7180dbf0e65aa36841d0da13fdfd880,181.2
0x98083cb396fc89004da64549b0c4b64bc9c2c8af,180.55
0x2c32c32215c51fdc86e8f421923bde962c684620,179.67000000000002
0xc4afe4030e65d3f10ae20dafe822e206153156b5,176.67
0x8427eee12190a56fe4514c34329462fe0e09d79a,176.0
0x2b0c06be831a935b66c95f3d99e6fdebb2660df3,173.4
0xfa96d3174897bb4a41ce8d78b2d5bb67a1918338,171.6
0xb5a2e48f3b6b61d1d59877c8046e7c2c59595e4e,171.2
0x8cc1226540eb7da70bd230bb4bfaeebd3ff053cb,170.3
0xf0bd05d77bc94943390eb7292a0da9c2ccbbc83b,169.0
0xb3c4def73eb076fafdd9eef59bd8ddec7314775c,169.0
0x1607fcd51664b307c12e6fc2ff56bced18218c6c,169.0
0x4faebc390408cc61f2acf5280b0a37eeb577b0c8,169.0
0xd36d6c7e44c0c4479dd7e48097fa897e35c5eddb,168.0
0x96a49cb8f552a2d93a56fc2ca738891e77572502,168.0
0xd3c58679d187163931246d34e8f741981efe0d91,168.0
0xcc3bbc55d07daf757f063d3604401628b15f73f7,168.0
0x7c6269a54ef007b13f281300b0c7791028a9c2a7,168.0
0xd0cf22776c80c58f25c6db2be29d267a99246a5e,168.0
0x72fb20aac515e1963266ec033a4ef39eada00b6e,168.0
0x173e698149e6af3f606e956bd36015347add9bd2,167.31
0x0a3207c9846282f061c8daccd66865f252c1eb9e,167.0
0x01d2568ff09c114c82fd18e4bc9757291cc06fb2,166.36
0x03a8538562d922245e42d664d978a07f40977ae8,166.16
0x66eb29f3deb1bc73cf0ab4fab1c456ff55e39fd8,164.0
0x6da10463f51e105ac3d15a8c4f13e1f1032efb99,164.0
0x759567c696a9b43a6cd066d37ec14a865a1367a1,162.18
0x3bc6e9d48a6201171aeeee8adf87de47a92f3e71,162.0
0x3814e7d8b844053dde854c9cf29af8d5e5bf1f16,162.0
0x7d02a8b409d1349b2000b67ebfcb6dadac3f7e7b,161.0
0x6f76019451b4e379e89ef4421ac6dea3e9ec89f2,161.0
0x34a826ee13f667c976914ca11da105ee9174ce94,161.0
0xb17b5f009d26f0f5b276547a98fbf011a5f5da36,161.0
0x5b356d59ea36ef660173970aa97f76213ba46260,161.0
0x5888f119bd8ff4a4fbd8395efebdd32a6603157e,160.0
0x28a5d056558a3e7da47e388b5991320f8b27de75,159.0
0x2cb956f4403f5512cbf988ebfcb2a49dd3c0de39,159.0
0x69019657d1e882bed578c3e46eb2fcff2fa98b2f,159.0
0x3db70c686d37b62ab6e3470abb55a216b4c9be8a,158.36
0x02921da19cefe31197711b54e8539a0920c20cef,157.0
0x8a2c60dab177af3758729be300cc4f9909490b33,157.0
0x8d23e64a54f6b40c0a607dfd41509225cd4fb2ef,156.0
0x0a05da74b04800a8abeaa45da6149d9d758839a5,156.0
0x69f47bb74b855ada42237e82e65cd724764fabaa,156.0
0x64d4f8fc6e7fc9e0e119b0d9b55d891b770e319f,155.0
0xaabe54decd75f84501952a6318174ccee0362724,154.1
0x4dddbdce6d37e6f7e3c7f09570329279948c7494,154.0
0x76d2ddce6b781e66c4b184c82fbf4f94346cfb0d,154.0
0xc47dead0620fb7bc90c2fd8569f5a6fac7b1ec85,154.0
0x528836082e417d7b839e17a17964694266aa29a5,154.0
0x8c2524e0e62c2836a85be2d47cbfff3f4af4c72b,154.0
0x6c9f67b1aeb0510b71c0d49e08fd42ef44eb66d2,151.9
0x89421774703570108345e3bfc3317267e2994c66,151.6
0x81f2e56dba7032364b8d9d805e913e5662c027e2,151.0
0xa9f078b3b6dd6c04308f19def394b6d5a1b8b732,150.0
0x59ce5456a4e4c1c142889f0fde5605f7b553b95a,149.79999999999998
0x568990a4583a4f77efa69c62d36763d931398057,149.6
0x30517bb8af86f14e57a8091a9eb974a1ef893028,149.51999999999998
0x6e81417b312917305d12f76fa3b6bd66ffaa75e7,144.9
0x43b9abd23278c0173f23dbbf50d39cc1896140df,144.89999999999998
0x34ec940e7aeb71c5891a4f5c2d88136fc83ed3a4,144.44
0xcd27bd2110aa5288304da6d5c46ce7d7e308bdee,144.4
0x611073a49a3fd07a3dc0cd3e77cc5aff1b916169,142.79999999999998
0x16025aa77566e275bab40378cefbf5aa07f50d78,142.0
0x3076cd642c9361392ecee113d6796ed0f3a5d8cf,141.0
0x8b16e97ae8a322d56d619022443492df4aeaa7cd,141.0
0x9abf76df6b1b6fb7371e206e18e7b8a887d6a25c,140.7
0x80a44405fe5f3cfa328be7a281f92dda8c9df098,140.4
0x7ffd93d70067adf71e4f43caa4997d2690c1afbe,140.26999999999998
0xb48816c363f80024fa1e75ad3028af64d5db224d,140.0
0xa797f487a6789cfac569cc707d685321a3fabf33,137.25
0x45234a781a9fd48570fe41764a108d9fb79629f6,136.74
0xdf97eabbac2faeea354a11825e9abd6e2de1713f,135.63000000000002
0xb12bef7b37278a6adcdf200b7714b9efa6d19c19,135.2
0x32f5366d8163105362a4035f49df264df48a5350,135.0
0x6c8a6a4f8bbea5623e8c308507d1899ff31724cb,134.0
0xf9c4c47d27db82e824bcd41a51826a4d67d0f54e,134.0
0xfda7c88302c0f18040ba14395278e31da7f0a70d,133.0
0xbcd762abb0d2af275320597e93243bb1bc5cf656,132.665
0xd003c9f640c1bbb3cdf00efc43a274d08c18be58,130.39999999999998
0xa68c26047adfd7ab4fbb6e2624238fd8dbaa35c3,129.60000000000002
0x0f8b1b3c630e822ba244500a01c6bf51e0ef90bb,128.44
0xd665ea9b2658821821568d95875ad3e80000dead,128.25
0x34d86e65e26ade3b647c59bef25ee72b7588f016,127.2
0x828e6fda8a4975ad8f4b73f4e764b1bc8f123c50,126.75
0xa11c43f45704ef8446d977ce7882d1ae96388df5,126.36000000000001
0x18956ce19f51897d1cc6cdf744b9674123eadfb6,126.0
0x6ada1274d9c79833e5e5cf9a5bd3c7d46d30b4ed,126.0
0x53c7d1eaf3d298759f5c7a3d15421b2565e34f3f,125.33
0x9fb0c66ddf23d3fc27d51292bed4fe5976141ecd,124.80000000000001
0xb4b33621b7f5dea60f32b0c61dca70ca9a2d86e6,123.37
0x213a8b4a4719d7c74377bb2a582e7aa1c5d4d6e4,123.36999999999999
0x8c7a95ca8837350f41c706459e6ded9388f208c5,121.67999999999999
0xb34d0bfe6e941185e2f5cc9bbc2e21656905754e,119.0
0xd10d4f616f0a749828ac1d0bd9ad77e7e3db6304,118.5
0xdc88ce5690f420bfcd7b0f07e5a761e6f26e0594,117.8
0x256e3c3987719cca30604e2a4b34f57058472803,117.6
0x87c6f3dc2b69d7d46a8d63217c47b8e926dfc758,117.6
0x6de71caef91a77efa2dad5ee33ac9be53d1047ed,117.04
0xfa461cf771ed43a1159ddfef0da8032fd720902e,116.25
0x1d4c3b9f8f49d6ac44e398f766f520a3cdb0f3d5,115.5
0xb9328ae4ffadfad326eb39aa25429760ea28d043,112.58000000000001
0x2a87ef1811b888aabc899a51775f90c83795e23c,110.68
0x4167f26312c8fe15bf4b04c0e7e8958734eb6931,109.2
0x97041728d56a7cff259f04d50e1394663f40548e,108.91499999999999
0xc7775bc0ab8af68d75a2165334bd7e68dced9951,108.5
0x6e7e9a6424fc4ed9fe0ef6914e5ca42290a3660d,108.16
0x4accc4f0781594deb1c382ea8a04b566927cfbed,108.0
0x94f2f4f1dd3a82ca959b0e18741e7926803b63bb,105.0
0x88d403358ed7ee24ff31e173b706e3045b08cf6d,104.16
0xbf7725ece8c2fa6023882bb8b7d94a21b80c7e3d,100.8
0x58db33471586d8b2bff21da3be1eca919cb2eb63,100.64999999999999
0xe2e9baa8955f617f1c3bfaa62cba2bc2d3fd124f,100.11
0x488829c889abc6a3b01c6db68966f1638c6f6a2a,99.82000000000001
0x109f7b02942800844b4ee7fc054628f129f9091f,99.42
0xb2515a7221b2654f9faae0e4ed1d0e49aa7b85dd,99.11999999999999
0xeb9388d07d794e2293ae39980e0b2c0001fd4225,99.11999999999999
0xa719db5b3b6ac2a7d077c5f5286f865ca7b2e248,98.58
0xe73f51013d52b206df6d3184ccc46ea3d46b059f,98.53
0x60fb4b046b07ce529fb93598286339873d26dd0c,96.65
0x91da6e81511f11ace77bbba1a7e55f9e905da960,96.60000000000001
0x0f279bb6be5be8cf440470a7f3e3db037f7a9d0e,96.60000000000001
0x3bdda96e2e17f5be3dc78cb82cda7c464ce8e56e,96.6
0xd6b28c6e0dfa65c974363f0a9f8ab634ed313b6c,96.33
0xa48156baff6284d8b77285ee6a93044f80caff69,95.76
0x21015c4d9e93ee0a643dab28052fe321c700281a,95.44999999999999
0x7dc130e21cf30c5e3adfc46664f55ff2c49502dd,94.2
0x741a065bd49920c1c0031933dbc0a9ca389b4b7c,94.05
0xf223d6b284f43363f52ec216610df8a09d62510c,93.60000000000001
0xb8e9c0f012d5f4255e8181fd747a7fc3842bb1c1,92.4
0x5a8efb970ec4422dc7d46477bf3841b42e2cb772,92.16
0xf5b1ce61ac45e5bfee6a35de8881d3a7ebd45653,91.80000000000001
0xf5eaa845c254caeb61131da36eed31012a94aee0,87.42
0xc0c4ea252fcbb5fc74cd1c6b3b049bebedf0ade2,86.91
0xf7ce6c47275c83f76a2629fc9ea29c8b988e6cd1,85.33
0x8cd0fad27cf780de2b1813859b4f8170e6323dea,85.0
0xf44eb9a9ac0be17441a96f94341dfe77c2e41638,85.0
0x1aca371e54a19cf255ed4f8ac6aa82abea7ad881,84.5
0xbc8a0cc166e42ea12fcaf6ee8d78bff71a0d2bd8,84.5
0x3c46a8d627f025fc754629af61ffa3ac131b7388,84.5
0x019d168f206834a84a0bf16de96a40b4228fbd87,84.24000000000001
0x05e5ab383f3c2d423cfd118b83420261ab0990bc,84.0
0x92d48c4de995677efec025aa53d570cc7a882cd9,84.0
0x72aa4850d323d365295cff7c98cc2df013149262,84.0
0x9fa5921ef2012f37b9e8911a647ca34c92e46045,84.0
0x4a59e8a04842c60f5fe2ebf7e7de5ddbd10a991d,84.0
0xb48ec01849e8207a5a734e588510dad5c668afb8,84.0
0x9c5d846415347062a55616758a91b1182431e365,83.5
0xd0f094f065bcbd2e2f75a398bd25c2346e2247d7,83.5
0x58de83a94c43f3acca016107eaaef2fc1b7997e8,83.5
0x57513812cfa13ccf9b1e86d181c78591d233cfbc,83.5
0x85778a075571cd129f68de256c222472d5d33acb,83.0
0x582ca7e0b63f1f87add6a49459a28b590f9ca3d5,81.25
0x40bb7adb1522447bd2e2f57950a8afdd12cbc6b8,80.5
0x1f7da94f8ffb08ef04809e588a060224c4137877,80.5
0x2b56cc701e004f336be58ac110a8281b691d5c20,80.0
0xc24a2f37d6781d8f5d46c7fba9fe2ae0dde65caa,80.0
0xfc963a93457c5644e51d955f3b2d3012e27ab3dd,79.5
0xb130f3ce9c44c782e190a095d43d3ff7016177ed,79.5
0x9b61561f224b252290ae161eb12414a1a6ee5053,79.5
0x780a6a85fbbf91e0199dfe33f20cf12aa0f4430a,79.42999999999999
0xffd1d00554ea254f267d3f73658d6ee69fbdee52,79.42999999999999
0x01a78daaa7d70cd7149d0860265755b9108a6252,78.5
0x61e59742771876aef08a7732c7882fd60f2cd6c7,78.5
0xae5de2415228ce5d793717e9878a947fff70c6c3,78.5
0xfa5837545a05e3fcd8eff9cb015ee67ad439df86,77.0
0xd2970eecfc0cdcb8e94b1d05fc825fcc43ca1c53,76.5
0xda92910778337e7f423e88fc267d6ccecfda0172,76.5
0xced15fc2a8e421e0b16f5efb8fd0663cfb84932b,76.0
0xc539bccd78c1e114a7bf100df9f3b14f5cc7b863,75.0
0x02b3d4378156009e000ef4a5b92026f3c0ae7e5b,74.89999999999999
0xcbdcbc57e3363a505c2b55d7deb997c29f5eb747,71.68
0xd9eb2a0ca29294298b3c0d5d48b94afefbd1c0de,71.0
0x22a8ac127cff53d16a76b2f68aaf71f85b402004,69.52000000000001
0x92ce35a438c37fa648f98994b96e77ff004d7fbd,68.88
0x1f069fb4d23927f5c13c7cfe96894e88192aa856,68.5
0x3eae133204bfa92a6f9bdcd279cbfe67921c07eb,68.5
0x9253b2559ad0d200562043691b9db995d6b084e4,67.95
0xf5075227d4d72f4aad71f54747c450de474e1e94,67.6
0xafb7650afbea60dc21849df752505871e1e8499d,67.5
0x29ad2ad28abdabb877e5572b57219a594e21ebec,67.2
0xa200419412d36af995229b6033db25034fe1a089,67.2
0xbe93d14c5defb8f41af8fb092f58e3c71c712b85,67.2
0x01934a40de14805abce67ab1f70d2bdca4612fd1,66.8
0x030fd92b541d758e374b628b44325086e6ee5841,65.13
0x690b1f02d3a943225e0571cb1185ae78255d4d37,64.66
0xa016b59cea666f53da4da3c9f99b97da1e0b016b,64.0
0xfdedfcbdf347b4d59becd6574f176ad3716c4d29,64.0
0x9ab53bd039cb3ab5d2a73cd6e658152f65aebddf,62.800000000000004
0xa1fcb5c52306a1daaeb1311d5089da913b3ca8d5,59.04
0xb59f5a4e0e68467178294fae49e9cf1954ee5f1f,57.199999999999996
0x06fe326eeadb513cbf90200d5ee4d01c8a8ad9ec,56.4
0xe0ee681b35244a34242c5f570f79df8702730fa5,56.24
0xe69f48b69e2342356b8e677eb415800c91e86ae0,56.099999999999994
0xcf612b06f02bf3f53429ea7ff0cf57370a4dacf4,55.650000000000006
0xd506025708bbb9832022c9f9f1427037abacf5e4,55.44
0x1341df844780b66af4ccc98ae0f34be87eabe1d5,55.25
0xce0e1766269e63a87fb1c1e5c745b1db32b5713d,54.25
0x61d7ece32854caf46c6304fd536704eacd4da256,52.16
0xcb9780a556ec9b116e141d08872e0f4f264eb2ed,52.08
0x3eb62166bd3c79a4f847782726481a73a6d3a4e9,51.325
0x142d1a1920606c5d672eb0ef2c4c9e3ab46f9507,50.699999999999996
0x9619f2f29cc7d6c55ecb206788460941245f7b81,50.4
0xfe958312c439bc37225bc9b3ec02b561a191594b,50.24
0x6fa9772a990fa6451183fbcb1daab1773ff14906,50.160000000000004
0xa3089eb72a33b02a20b1f12740506e54bcd1a884,50.099999999999994
0xec2d71d3f1dff5f8ab34eaa31ae76c6a8b3e41a1,50.05
0x72c5cd18a51d53db34072546a7a38a4f73600d92,49.98
0xb7ea17c0c781129f7e218487e89af694721e95dd,49.29
0x70b9e1f565b91617dd5bbb2dda93d86e7148d3b0,48.0
0x2d4c5711086a181f72ecc8134b3f51395fd0ccbe,47.599999999999994
0xf8079dc4b50cb7fb0a2035bed9c183c27276b392,47.04
0x65e1ad2cb4170b812a73b931a0ce5be676e46676,45.97
0xb0e992ea2dd3907e647c4d6787ada9e1d10ba09e,45.089999999999996
0x45820af12059e11740373fa5cad05933f36b24d9,44.220000000000006
0x7c8835efca119c13266549fa4ce88412a763bdac,42.120000000000005
0xf516d138b35336967ca05e6d397a94332f27e7dc,42.0
0xa4cd4023ec92e5547a8f7fe6bcdcc5f4f4a1be45,41.86
0xc3b77ff6624e3b6904bde69d3fd0a4f7161cf227,40.82
0xfc134e77ef0af746851d8a8c8c92ea2f0fc7f775,40.82
0xd620b642f5d5fe548ad7e652d06c115b96773d33,40.75
0x1eb06762d2c2eba7f902decfa718fb25024b5111,40.5
0x3f01fa6e75f9d0477108f994400280b71915bf56,40.2
0x98c5629ff321c1fced93ac762dd187a2ef30a9c3,39.599999999999994
0x915024d3568356308c903285a579c0c64690c3c2,39.0
0xbd803bb20a14c4b34ecc2e2c4267ed60af1416c5,38.900000000000006
0xfe372f3b71ae80cd9b14053b16bfa290e19c5503,38.87
0x160a5f63c1c6b3ea4f737f3f14603c472e44cb92,38.75
0xe09ad0aed1370416d60f4532696671aa69e278a4,38.64
0xd321b8007599a73ee9e357491179b5972830f767,38.41
0x884999214c56091853765b9d4323cf8bb9f7e699,37.5
0xaf2b13bdf7071208071f083572205b53776e445e,36.96
0xe69a3208b67e8629acee8b4171b0df88bfb5da86,36.34
0x0f715b8cf8d0ee24414f47a3d174047b5613e867,36.3
0x3d91ad906c3969f86c588c988f721d5a735c6f81,35.25
0x1cf5c2489b65607b750fd5a4afa93e7395a1a0e1,35.0
0x1563c4751ad2be48fd17464b73585b6ba8b6a5f0,35.0
0x05e6ac934c1449b9416b7cf0a4d3eac9a6d6fad2,34.75
0x9bc86996822381b9dc51d367a6bf088d397d9f68,34.47
0x7e9d2fa27745a7a61b5b433d6e413496b2da9ee2,34.27
0xdeef587b06668fa93cf6a6fd2e470c67fa390054,34.2
0x7bac16a888e14e20896b987a732667fddfb88fb5,34.02
0xdfdbf71ccae6311c1afad4dafc4ae60763ba4a33,34.0
0x980547da4abc2b44c352a0b6b52878d109937b4a,34.0
0x2b6f1fd6069abbb76ff448eae09db93ee9c83f78,33.8
0x0b339a2416872ed8b3051b8297a5d55d5eab6f9a,33.75
0x6d477834817548d0fcacab2a066fef395198234a,33.75
0xb76af3b2d258c35ccbc2384f26259618b5a4eb73,33.75
0x915c0d335fc88055f814289214fb2fb90e58a005,33.6
0x302f1fb07769900683c68d441eca43f7c107414e,32.97
0xcb781ac66d7994d76576d272cb9907c422aac79a,32.400000000000006
0x08d6a1d7f3715f442e8e9dbe80cb6f0139c2735e,31.92
0x548b1019be16a8f989cd43c34c6ca9b530b9ed9d,31.4
0x20cca7c6a8c12c4b2b5ac9f3aa119d0f8c4a6868,31.2
0x10d094bbff45b68f0b5261dc84cc724908bdea33,31.1
0x92f08ac984f43c81122c137da7c7230e620fac9e,30.9
0x4969db6c938a4c2b78403bfe56ff500e1eeb0968,30.68
0x7fe7ec25234827cdb82ac676d392da2a20f8dc6c,30.38
0x6410ac013379dca759d53defbb6649b2609686ce,29.88
0x68278a0fe8325ca22c1900fc9451837e75fe3a8f,29.835
0xa155dcbbffb2c6b945dda0ef5a7086429bfaea44,29.64
0x7d0a940d81ce63ce716a1e3cd7372f78f79d2414,29.4
0xd53c7f934ddea89b82fc9ab9616a282248ab6c09,28.56
0xafa85eb2c713f1bb0ad5d81bb9b8c93174312955,28.56
0xdce09bbde671a9a9ab7e0f9db0df1c33a7d5ad37,26.8
0xa435b4c4894a629ce5874b0f96eb4f7a1381b828,26.455
0x4afdf853d342d6a9372f65dc2f897e291ed04b26,25.72
0xa881fbaaad0e1eb4f93de4a176cd3cf1aee7bdc7,25.6
0x5ba323cc3e4b01ded640fc78c8948dcfb8f298cd,25.2
0xd0fe107caf81614a0435a6ec9c9c40b3e63f9b66,25.049999999999997
0x174d85c84ed255d6586fda0b38366f703a585459,24.31
0xfe490a7c9a57ff3918e313da23421a142baa10a7,23.25
0x680f628f9c50a1178ecafc2f67a218379e497211,21.84
0x2567fa17b946d15e749b5ed973ed9451a81cc6cc,21.71
0x3d8d1b8e658bb85db246a84f0be79b5cb46a2df7,21.35
0xd19c0557991da2f275cc45c06bc3dd05ddfe509a,20.8
0x9b36c3776dd55b1faf85ed7925c9992a563ae859,20.625
0xe3ad3f02b0f21144f72ef156ffed76a30a736717,20.41
0x5649fa8d5b1bffe87de9eb7320fcc9995380e8b6,20.28
0xdac1f7c05d9f7c93df732255c54f34a0712e8a8f,20.16
0x53637bd6f282aa36dbaf4d252702816c0df1de82,19.75
0x6bdc653284bf4dc4a60c2da77057cef42b556034,19.5
0xd946b3a3694864358dca0cd641d72263e032a0c8,18.900000000000002
0xc8cae4dbff0ed4fca7d9d66a08a922e112e68e14,18.6
0x5c5841036abc2bd7af894f16558702787bffe8e2,18.48
0xaf76e0c3f11eca80d7364645e0bdc1687b7e71ef,17.25
0xa55b524dbdd2d7080faadae7807cba904ef8a827,16.9
0xe6b06cf6f3a9027abdc1dcd97a2c562856b2ef99,16.9
0x63b472eba84171b5b3d15db1eb1ffc30049f9d1a,16.9
0x0b6bd47db615e755942b9a920f031dcbb6c8a562,16.9
0x0d6b51183f446fc35e89c895420a967ef39f1506,16.8
0x7ec80d71d85703bc2b8912b82f8daa874a0919f4,16.8
0xdd603e4c63e57c2d10ec7a0304e6b427cba00001,16.8
0x7ef176031099b87756f27582a23df06b507d1462,16.7
0xfbb4d9d0002ea3df7faf500538b7c712229f7242,16.7
0xe34cea6ba44080fb5c2307db6c0b375edb5e6e54,16.599999999999998
0xadf228a1a9e705ca02a998e1b1bc6f14b3bba908,16.485
0xf3114e28edc7f1d6ef67548cb62491d36334803e,16.0
0x78df5ea807469198b7415b06375aebc560cff20b,15.9
0x5b1965ba9e0324bed6b246dece3f84124af8bb5f,15.8
0x7f6669b634f6a60e37688c1fc2f3ec3f91ac08ff,15.8
0x15fdf6cd5f7d9374e35724481ca7e5c2aa256dac,15.700000000000001
0x045a0f3d255b01d5bd6d268a59f8e941c87fa54b,15.700000000000001
0xf0c545fc7ec5c02486e9661a1e8f10484e542dbe,15.600000000000001
0xc95f8ce71cdca3b34b1eed8de63124babe3a9bc6,15.600000000000001
0x8b1685c39b550d58bb366427af5f3bbdfe6744db,15.4
0xcc65314829db35bc48180f437c91a4787be7bfe4,15.3
0x77a37c30f67e9a321cad4cc4a10f7fa19081c35a,15.3
0x778cf44ca697121c94419ec941d49bc2c85ba92e,15.1
0x2c4fed531fe97e466c9b12430a301b9bb44c254e,15.1
0xd3a5eb04d919d17b846d81b9875c652720b7be97,15.0
0xbb7292e2461d40ec65d97ffe42a34c6989224e83,14.364999999999998
0xae41decd2e9202bdc18ab4f97af6c4d09c9a3822,14.26
0xd57cb6ef12730e506771c173fda310e29f42592b,14.2
0xebbeec84a813471dffd24469e3c509f1b86e9bac,13.4
0x3d2fed8bdded8c4a0f66492f22d263ac40fd7635,13.4
0xd6edadcefedc0228f8a4d7e3e1bcc33b8efa70b2,13.36
0x9a0e126cb320636955116bec3c9d0c0cd1212823,12.69
0xa93093fc1d0343298966e1f971fae10a7a629296,12.64
0x06c0bb4ebc1679608ceac6aa806a12b4435e0bca,12.06
0x5f71cd2e7fab7a8d976bd07003ebbfeecb2b9fe2,11.62
0xf169ad2df638384a4304807e636777e8b334239c,11.13
0x30e1b91a62c9f16bc83447eaf3b031800a6b4c60,11.07
0x39787d2e75c3ad12a99d582954c17a79806bf683,11.06
0x7ba130afc8f7bba12fec271e8909e88ae0842c40,10.72
0xaea2119432b4401f106379cdaab0f728ab7efd17,10.16
0x631f82fb2a62496d28780a821f47786b05e2278a,9.885000000000002
0x7e2f22c7e7c635d7e009952b91b00dacb4358f04,9.69
0x1633f45047a90da9405d16422dc22e7e9be4703c,9.3
0x43d9b61c9496ee28463060a9001b1b0761de6a42,9.120000000000001
0x36b7b3a8d633186fa95ad5d04cf9f7813135abb7,8.450000000000001
0xb791ca7bf6288079ace86ca961ea7826787caec1,8.45
0xdf4ace29970d2f2aa44de82f708755d27f5234c0,8.45
0x76274304e878458f59b4e31805e3c054ad30ed30,8.45
0x29199e981e293c9fb4134586094de3c65cf6dd19,8.305
0xcdfbc32c61b7cb47ca1f4e01c44b5be55d4b50d2,8.100000000000001
0x96d8ab3a7c2f9590d730a6627d1cf5468ee559a9,8.100000000000001
0x7e84132a4fd6dadefd4506518c890ec554684f0d,8.06
0x711eaf535cb6b4a25fd1d72b8f7404a4d599f132,8.05
0xf71b1ab0d016bd0497acf28948cbd1769035c811,7.95
0x71803a1718b861c4a86b4bd8c3762cfce7d98fde,7.94
0x526f01d8a7933a94d70f1a30c9558cbd2823fa93,7.8500000000000005
0xeb93dd53fa96207459e9775123c1681a0c91fb1d,7.8500000000000005
0xd4ac35f8bd79d31c61d9704eabb3195185ec7b63,7.8500000000000005
0xe0960a5b04167a2ee871d4ecc79d331581f014bd,7.8500000000000005
0x2c48a579668f76dbf59c20b9273da9083be65f52,7.800000000000001
0xae03f254f30ec09013de1425e2bb0c99cca908d7,7.800000000000001
0x6534ffcb2d8341eb5ee998000474f9b5d6abfa6a,7.65
0x2bc625c82b1987f19b6e68d0b2865ef7cd7048a3,7.605
0xc20e6c4e41ad0144a57761629fbd4bf0f4f2690f,7.56
0xf40a2e8aadaebe75c3826b304cd9e23d6821261a,7.55
0xd6a819f4135b42161d3b898686255b69d157535a,7.5
0x3863b1aa836c3ca55ade36048d8a407f5d0939fe,6.76
0xfa00d0f44742c41749bc5eac868a97d52a792d63,6.76
0xe8b1a33c84e943d002dee44038b3f7c6d65c8f1e,6.72
0xd9e884b2e1151140495b089fd6b07d0296616198,6.68
0xc7dbc19aceffae1d323ccb6db63607097a82d981,6.64
0xa244849a9fde5290b45e0c6bf36cf474a4f45b9d,6.6000000000000005
0xec7372db51f9a162c3c9fa59a2e2004837b86622,6.4
0xbcc78c8c4627e42970dc4bea590961a1f6ab0274,6.36
0x93e5de52d6bc3b3f85f4df5e03ca6060ae8d045e,6.02
0x31a914c8471abe000b852b35986049ec2b1fb105,6.0
0x2d4b56eae356449d9e5d266e4d45f60f745ca9a6,6.0
0x70abb00d2d8c91d1af258813077f5578e36cc465,6.0
0xba6cbefafb1f4d5eadeac54612c242bc95372175,5.495
0x0f57fdbca7eb3a91bc2c8b2408c8cb562d3d0092,5.13
0x54b079c4949e69d3639b784c8a68b02fd7bca892,5.04
0x0f5f587622cf78199d91f900a65caaa70326c295,5.01
0x6252e92c6d5b6b94ba121e0befa04cee120664c4,5.01
0xd4822b73c5d7542f91b74de4be90da7e7ec4f256,4.89
0x318a410a22941ecb72391046e8a81482f14bb5da,4.7700000000000005
0x503a623911095e2c506ce900b90ae3e1097a24e6,4.7700000000000005
0x8a818c1a83c39e5bb5eeef54fef305ee194ef185,4.71
0xb470540fe6ade971de7007595330073b05639daf,4.59
0xb660cf7e043306965d8880cace6afbc671feb99f,4.5600000000000005
0x3d0db72eb8d80bc016698f1bc19aea2443f75252,4.25
0x58c3752b2fed4b73d0968a6b9186ad403f758b07,4.225
0xc40456ee3ce933b81d9be4d68d964eeb1f684298,3.875
0xa375a6a1d448777b1eff62914f3964890456c1f5,3.38
0x0e4f32590203adbf7afe69a72fb0862d1bc17f32,3.38
0xfe68434e8fb088ba4caf5472a6da1ac16dcfde11,3.36
0x64cfcd46b47b1050285e43d684c58ae357811971,3.34
0x9bb3c3613071fba4e927069746cb5badcfcacac6,3.18
0x4ee9f84fb578f392a80191ffe5f937b66eef5699,3.14
0xa37a8c45d8ed319aa3aa382948cb7e13d2de3dd9,3.02
0x49905d02c4a5a66b7300603989934a3e5b3d9836,3.02
0xbe17f75819bf9053efeb8aaa69b44b694c4b1179,2.68
0x65d3febc3112cef66be36df9a62ac0f94079bd42,2.415
0x73ccf616a2b50dce82c43dada3bac46fe5a31137,2.13
0xe227720b9435ec3d2ce854eccec4e7c510e25c32,1.7
0x2e8c9d0c1aeb6892805a86eff11e671178ec282f,1.69
0xbbf357c4929ec4e21c0bf8e06c68743c101a6100,1.69
0x36de6d01ab563d3e0fd7661c75dce8202aa82649,1.69
0xbbae0e0795294bb37f9b7cee715e7f15602f67dd,1.68
0xadf0b51570ca1944324d6041b91e3f4001e9a4de,1.68
0x800afe8e5516bab102861c1d808d9c23063c85c3,1.68
0x88d525521d7066b3feb44a231357455697068d76,1.67
0x60bc5e0440c867eeb4cbce84bb1123fad2b262b1,1.67
0xb4ed1a39491c83219764152e4dc68944d5547947,1.66
0xb045458c8bc244d67dc40f07e2c75a22dc403f4b,1.61
0x62b76aef1d5e16634152c9eb53db081b1ce503bb,1.61
0xe3ff908ba8db6827f7a17b32d4bf8af03db0935e,1.61
0xdb6a08918cdeaa93dc7e440e28028c57028cc5f2,1.6
0xd2b4bce9897329f12e4ec4287d2a675b9c9cb4f6,1.6
0x72ad9804f61bda81e85efa4cd650cb0d1eec2822,1.56
0xc13535c2db284f9d87c6f9484eeb4cefc676029c,1.56
0x70cbe5945215803d1a185225ff18e173b3ee43b9,1.52
0x944398325ae8b4971c5fd08255cfda66f59c7df8,1.51
0x580b408a619e7a6f7147b7883b4ce45986cf00e5,1.5
0x2c2187aceeda6d9211412b8f4d4e55373f697f40,1.34
0xadd9a7c1b516060b212f98e699b2779e961f4ec5,1.33
0xdd7f11dcde011531bba97bd234c154c6600ba2c3,0.84
0x8b4441e79151e3fc5264733a3c5da4ff8eac16c1,0.84
0xb0b25fe59dcc24ecbfdce661870109089c10264d,0.785
0x363dc77b9620a29daf0ddf5ac398049e938a776b,0.78
0x2b4baffe476dd7f9c610af39909b1367806bbd20,0.775
0x8f14060d8a957c258da5cbe749040891c0cf6e7c,0.715
0xeb1bcbfec30297e70ce7fda0a6729a233c957117,0.71
0xa295a57738dbd5f6d59630586434f6279bcdaeff,0.67
0x75eddc2af3e039e09cf36f83307f620ff3265cd3,0.67
