buyer_address,buyer_shares,buyer_uint_term
0x75EddC2Af3E039E09cf36f83307f620FF3265CD3,1,126144000
0xa295A57738dbD5F6d59630586434f6279BCDAeFf,1,126144000
0xeB1BcBfEC30297E70ce7Fda0a6729A233c957117,1,126144000
0x8F14060D8a957c258DA5cBe749040891c0Cf6E7c,5001,63084611
0x2B4bAFfE476Dd7f9C610aF39909b1367806bbd20,1,126144000
0x363dc77b9620a29daF0Ddf5aC398049e938A776B,1,126144000
0xB0B25FE59dCc24EcbFdCE661870109089C10264d,1,126144000
0x8B4441E79151e3fC5264733A3C5da4fF8EAc16c1,1,126144000
0xDD7F11DcDe011531BBA97bd234c154c6600BA2C3,1,126144000
0xAdd9A7C1b516060b212f98e699b2779e961f4eC5,5001,63060942
0x2c2187acEeda6d9211412b8f4d4e55373F697f40,2,126144000
0x580B408A619E7a6f7147b7883b4ce45986CF00E5,1,7776000
0x944398325aE8B4971C5fd08255CfDA66f59C7dF8,2,126144000
0x70cBE5945215803d1a185225FF18E173B3EE43B9,1,7776000
0xc13535c2db284F9D87C6F9484eeb4cEfC676029C,181,4253170
0x72Ad9804F61bdA81E85EFA4cD650Cb0D1EEc2822,2,126144000
0xD2b4Bce9897329F12E4Ec4287D2a675b9c9Cb4F6,1,7776000
0xdb6a08918CDEAa93dC7E440E28028c57028CC5F2,1,7776000
0xe3Ff908bA8DB6827F7a17b32D4bf8aF03DB0935e,251,36174406
0x62B76AEf1D5e16634152c9EB53db081B1ce503bB,1,7776000
0xb045458c8bc244D67dc40f07e2c75A22dc403F4b,5,52997760
0xB4Ed1A39491C83219764152E4DC68944d5547947,2,6307200
0x60BC5E0440C867eEb4CbcE84bB1123fad2b262B1,2,11188800
0x88D525521d7066B3Feb44a231357455697068D76,1,7776000
0x800aFe8e5516BAb102861C1D808d9C23063c85c3,1,7776000
0xAdF0b51570ca1944324D6041B91E3F4001E9A4dE,1,7776000
0xbbAE0E0795294Bb37F9B7CEE715E7F15602f67DD,125,4398796
0x36de6d01ab563d3E0Fd7661c75dcE8202AA82649,1,7776000
0xBBf357C4929ec4e21C0bF8E06C68743C101a6100,1,7776000
0x2E8C9d0c1AEB6892805a86eFF11E671178eC282F,1,7776000
0xe227720B9435ec3d2CE854eccEC4E7c510E25c32,1,7776000
0x73ccF616a2B50Dce82c43dADA3Bac46Fe5A31137,263,6333806
0x65D3FeBC3112cef66BE36df9A62Ac0f94079BD42,3,126143999
0xbe17f75819Bf9053Efeb8aaA69B44B694c4B1179,2,7776000
0x49905D02c4A5A66B7300603989934a3E5B3D9836,4,126144000
0xA37a8C45D8eD319AA3aA382948Cb7e13D2dE3dd9,2,7776000
0x4eE9F84FB578F392a80191ffE5F937B66Eef5699,102,15399528
0x9Bb3c3613071FBa4E927069746Cb5BADcfCaCac6,4,126144000
0x64cfCD46B47b1050285E43d684C58aE357811971,2,7776000
0xFe68434E8Fb088Ba4CAF5472A6Da1aC16dcFdE11,4,126144000
0x0e4F32590203adBF7aFE69A72fB0862D1bc17f32,2,7776000
0xa375a6A1d448777b1Eff62914f3964890456c1f5,4,126144000
0xc40456ee3Ce933b81D9be4D68d964Eeb1F684298,1245,5208980
0x58c3752b2FED4b73D0968A6B9186ad403f758b07,5,126144000
0x3D0Db72EB8d80BC016698f1BC19AEa2443F75252,442,3751750
0xb660cF7E043306965D8880CAce6AFbC671FEb99f,3,7776000
0xB470540fE6ade971DE7007595330073b05639daf,3,7776000
0x8a818C1A83C39e5bB5eEEf54FEF305ee194ef185,3,7776000
0x503A623911095e2c506CE900B90Ae3E1097a24E6,4,66959999
0x318a410a22941eCB72391046e8a81482F14bb5dA,3,7776000
0xD4822b73C5d7542F91B74dE4bE90dA7e7eC4F256,6,126144000
0x6252E92C6D5b6B94Ba121E0bEfa04CEe120664C4,3,7776000
0x0F5f587622CF78199d91f900a65CAaA70326c295,3,7776000
0x54b079C4949E69D3639B784c8A68B02fd7bcA892,3,7776000
0x0f57FdBCa7eb3a91bc2C8B2408c8cB562d3d0092,3,7776000
0xBa6cbEFaFb1F4D5EAdeac54612c242BC95372175,9,72556799
0x70aBb00D2D8C91D1AF258813077f5578E36cc465,4,7776000
0x2D4b56eAE356449d9e5d266e4d45F60F745ca9A6,4,7776000
0x31A914C8471ABE000b852B35986049ec2b1fB105,8,126144000
0x93e5DE52d6bC3b3F85F4df5E03ca6060ae8D045e,6,86687999
0xbcc78c8c4627e42970dC4BEA590961A1f6Ab0274,4,7776000
0xEc7372db51F9A162C3C9fA59a2e2004837b86622,8,126144000
0xA244849A9fDE5290B45e0c6bF36cF474a4f45B9D,10,126144000
0xC7dbC19acEffAE1d323cCb6Db63607097a82D981,8,126144000
0xD9E884b2e1151140495b089fd6B07D0296616198,4,7776000
0xe8B1a33c84E943d002dEE44038B3f7c6d65c8f1e,608,6819630
0xFa00D0f44742c41749bC5EaC868a97d52A792d63,4,7776000
0x3863b1aA836C3CA55AdE36048D8A407f5D0939FE,8,126144000
0xd6A819f4135b42161D3b898686255B69D157535a,1001,5324689
0xF40a2E8aADaEbE75c3826B304Cd9e23d6821261A,5,7776000
0xC20e6C4e41AD0144a57761629fBd4Bf0F4f2690F,9,126144000
0x2bc625c82b1987f19B6E68d0B2865eF7cd7048a3,5,31449599
0x6534ffCb2D8341eB5ee998000474F9b5D6ABfA6A,5,7776000
0xAE03F254f30eC09013dE1425e2bb0C99cCa908d7,10,126144000
0x2C48A579668F76dBF59c20B9273DA9083be65F52,10,126144000
0xe0960A5b04167a2eE871d4eCC79D331581f014Bd,5,7776000
0xd4aC35F8BD79d31c61D9704EabB3195185EC7B63,5,7776000
0xEB93dD53Fa96207459e9775123c1681A0C91Fb1d,10,126144000
0x526F01D8A7933a94d70F1a30C9558cBD2823fa93,10,126144000
0x71803A1718B861c4A86B4bd8C3762cFCE7D98fDe,5,7776000
0xf71B1aB0D016bd0497aCf28948cbd1769035c811,10,126144000
0x711EAF535CB6b4a25fd1D72b8F7404A4D599F132,135,13823999
0x7e84132A4FD6daDeFD4506518C890EC554684F0d,9,112991999
0x96d8AB3A7C2f9590D730A6627d1cf5468ee559A9,10,126144000
0xcdFbc32C61B7CB47ca1F4e01C44B5be55D4B50D2,5,7776000
0x29199E981e293c9FB4134586094DE3C65Cf6DD19,11,126144000
0x76274304E878458F59b4e31805e3C054aD30ed30,5,7776000
0xDf4AcE29970D2F2Aa44De82f708755d27F5234c0,10,126144000
0xB791Ca7bf6288079ACE86ca961Ea7826787CaEC1,10,126144000
0x36B7B3a8d633186Fa95AD5D04Cf9f7813135aBb7,9,99839999
0x43D9b61c9496EE28463060A9001b1b0761De6a42,12,126144000
0x1633f45047A90DA9405D16422DC22e7e9be4703c,337,6099786
0x7E2f22c7E7c635d7e009952b91B00dAcb4358F04,6,7776000
0x631f82fB2A62496d28780A821f47786b05e2278A,20,67780793
0xAEA2119432b4401F106379cDAab0F728Ab7EFD17,7,41595427
0x7ba130afC8f7bBa12feC271e8909e88Ae0842C40,8,7776000
0x39787D2e75C3aD12A99D582954C17A79806bf683,47,4246467
0x30e1b91A62C9f16BC83447EAF3B031800A6B4c60,7,7775999
0xf169aD2dF638384A4304807E636777e8B334239C,14,126144000
0x5f71CD2E7Fab7a8d976BD07003ebBFeeCB2B9fe2,2000,4622220
0x06c0BB4eBC1679608ceAC6AA806a12B4435E0BCA,9,7775999
0xA93093fc1D0343298966E1F971fAE10a7a629296,8,7776000
0x9a0e126cb320636955116BeC3c9d0c0cD1212823,9,7776000
0xD6edAdCEFeDc0228F8a4D7e3e1bCC33B8efA70b2,8,7776000
0x3d2fed8bdDEd8c4a0f66492f22d263aC40fd7635,10,7776000
0xEbbEEC84a813471DFFd24469e3C509F1b86E9BaC,20,126144000
0xD57CB6eF12730e506771c173FdA310e29F42592B,10,7776000
0xAe41dECd2E9202bDc18Ab4F97af6C4D09c9a3822,12,76823999
0xBb7292e2461D40ec65d97Ffe42A34C6989224e83,17,126143999
0xD3a5eB04D919d17B846D81b9875c652720b7bE97,15,86687999
0x2C4fEd531FE97e466c9B12430A301B9Bb44c254e,10,7776000
0x778cF44Ca697121C94419Ec941d49Bc2C85bA92E,10,7776000
0x77A37c30F67E9a321cad4Cc4a10F7fa19081c35a,10,7776000
0xcc65314829dB35BC48180F437C91A4787Be7bFe4,10,7776000
0x8B1685c39B550D58BB366427AF5f3BBDfE6744Db,10,7776000
0xC95f8ce71cdcA3B34b1eed8DE63124bABE3A9BC6,10,7776000
0xF0C545Fc7ec5c02486E9661a1e8F10484E542DBe,10,7776000
0x045a0f3D255b01D5Bd6d268a59F8E941C87Fa54B,10,7776000
0x15fdf6CD5f7D9374E35724481CA7e5c2aa256daC,20,126144000
0x7f6669B634F6a60e37688c1fc2f3Ec3F91AC08FF,10,7776000
0x5b1965bA9e0324Bed6B246dEcE3f84124af8BB5f,10,7776000
0x78dF5ea807469198B7415b06375aeBc560cff20b,10,7776000
0xf3114E28edC7f1d6EF67548cB62491D36334803E,10,7776000
0xAdf228a1A9E705CA02a998E1b1bC6f14B3Bba908,11,18536726
0xE34CEa6bA44080Fb5C2307db6c0b375Edb5E6e54,126,4514741
0xFbb4d9D0002ea3df7fAf500538B7c712229f7242,10,7776000
0x7ef176031099b87756F27582A23Df06B507d1462,10,7776000
0xdD603e4c63e57c2D10EC7A0304E6b427cba00001,10,7776000
0x7Ec80d71d85703bc2b8912B82f8DaA874a0919F4,10,7776000
0x0d6b51183f446fc35E89C895420a967ef39F1506,10,7776000
0x0B6bD47DB615E755942B9A920F031dCbb6c8A562,20,7992000
0x63B472eba84171b5B3d15dB1EB1FFC30049F9d1a,10,7776000
0xE6b06cf6F3a9027abdC1DCd97a2C562856b2EF99,283,13546175
0xa55b524DbdD2D7080FaaDAe7807CbA904eF8A827,10,7776000
0xaF76e0c3F11eca80d7364645E0BDc1687B7e71eF,23,126143999
0x5C5841036abc2Bd7AF894F16558702787bfFe8e2,24,126144000
0xc8cae4DbFF0eD4fcA7D9d66A08a922e112e68e14,44,83140363
0xd946B3A3694864358DcA0CD641d72263E032a0c8,14,7776000
0x6bDc653284bF4DC4A60c2da77057ceF42B556034,26,126144000
0x53637bd6F282Aa36DBAf4d252702816c0DF1DE82,25,126144000
0xdac1F7c05d9F7C93df732255c54f34A0712E8a8f,24,126144000
0x5649Fa8D5B1bffE87dE9EB7320fcc9995380E8b6,13,7776000
0xe3AD3f02B0f21144f72EF156FfED76a30a736717,13,7776000
0x9b36c3776Dd55b1FaF85eD7925C9992A563AE859,25,126144000
0xd19c0557991Da2F275CC45c06BC3dD05ddFE509a,13,7776000
0x3d8D1B8E658bB85db246A84F0bE79B5Cb46a2df7,30,126143999
0x2567Fa17B946d15E749B5Ed973eD9451a81CC6Cc,26,126144000
0x680F628f9c50A1178ECaFC2F67a218379e497211,13,7776000
0xFe490A7C9A57ff3918E313DA23421a142bAA10A7,30,126144000
0x174D85C84ED255D6586FdA0B38366F703a585459,29,126143999
0xD0fE107cAF81614A0435a6eC9C9c40B3e63f9b66,129,980538
0x5Ba323cC3E4B01DeD640fC78c8948DCfB8f298Cd,153,26678962
0xA881FbaAAD0E1eB4f93de4A176cD3Cf1AeE7bdC7,16,7776000
0x4AfdF853d342d6A9372F65Dc2f897E291ED04B26,17,7775999
0xa435B4C4894a629Ce5874B0F96EB4F7a1381B828,37,126144000
0xdCe09bBde671A9A9aB7E0f9DB0df1C33a7d5Ad37,20,7776000
0xafA85eB2C713f1bb0ad5D81bb9b8c93174312955,300,3196508
0xd53C7f934dDeA89b82Fc9aB9616a282248aB6C09,17,7776000
0x7d0A940d81cE63cE716a1e3CD7372F78F79d2414,21,7776000
0xa155DCbBfFb2c6b945dDa0eF5a7086429BFaEa44,19,7776000
0x68278A0fE8325ca22C1900FC9451837E75Fe3a8f,313,18127160
0x6410Ac013379dcA759d53Defbb6649b2609686ce,36,126144000
0x7FE7ec25234827cdb82Ac676d392dA2a20f8dc6C,244,5055105
0x4969DB6C938A4c2b78403bfE56fF500e1EeB0968,19,7775999
0x92f08ac984F43c81122c137da7c7230E620faC9E,40,126144000
0x10D094BbFF45b68f0b5261dC84cC724908bDea33,30,86687999
0x20cCa7c6A8C12c4B2b5AC9f3aa119d0F8C4A6868,20,7776000
0x548b1019bE16a8f989Cd43c34C6cA9b530b9ed9D,20,7776000
0x08d6A1d7f3715f442e8e9dbe80CB6f0139c2735e,278,1146508
0xcB781Ac66D7994d76576D272cB9907C422AAc79A,20,7776000
0x302F1FB07769900683C68D441eCa43f7c107414e,42,126144000
0x915C0d335fc88055F814289214fB2fB90E58A005,20,7776000
0xb76Af3b2D258c35CcBC2384f26259618B5a4eB73,82,81064272
0x6d477834817548d0FcAcaB2A066FeF395198234a,50,126144000
0x0b339A2416872ED8B3051B8297A5D55D5Eab6f9a,275,5105454
0x2b6F1FD6069abbB76FF448eae09Db93EE9C83F78,23,10875130
0x980547Da4abC2B44C352A0B6b52878D109937B4a,20,7776000
0xDFDbF71cCae6311C1AFAD4dafC4ae60763ba4a33,40,126144000
0x7BaC16A888e14e20896b987A732667fDDfb88Fb5,21,7775999
0xDEeF587b06668fa93Cf6A6fd2e470C67fA390054,25,55123200
0x7E9d2Fa27745A7a61b5B433D6e413496B2Da9ee2,50,126144000
0x9Bc86996822381b9dC51D367A6bF088d397d9F68,24,27503996
0x05e6Ac934C1449b9416b7CF0a4d3eAc9a6D6fAD2,25,7776000
0x1563C4751Ad2be48Fd17464B73585B6ba8b6A5f0,60,105422399
0x1cF5C2489B65607b750fD5a4AfA93E7395a1a0e1,311,20787947
0x3d91ad906C3969f86C588C988F721d5a735c6f81,1260,9575306
0x0F715b8Cf8D0ee24414F47a3D174047B5613E867,22,7776000
0xE69A3208B67E8629aCEe8b4171b0df88BfB5DA86,46,126144000
0xAf2B13bdF7071208071F083572205b53776e445E,22,7776000
0x884999214c56091853765B9D4323Cf8BB9f7E699,50,126144000
0xD321B8007599a73EE9E357491179b5972830F767,23,7776000
0xe09ad0AeD1370416d60F4532696671Aa69E278A4,127,47232906
0x160A5F63C1c6B3Ea4f737f3F14603C472e44Cb92,50,126144000
0xfE372F3b71ae80cD9b14053B16bFA290E19C5503,23,7776000
0xbd803bB20a14c4B34ECC2e2C4267Ed60af1416C5,25,7776000
0x915024D3568356308c903285A579C0c64690c3c2,50,126144000
0x98c5629fF321c1fced93ac762Dd187a2eF30a9c3,24,7776000
0x3F01FA6e75f9d0477108F994400280b71915Bf56,60,126144000
0x1EB06762D2c2eBA7f902DEcfa718fB25024B5111,1430,8400735
0xD620b642F5d5fe548ad7e652d06C115B96773d33,25,7776000
0xFc134E77ef0AF746851D8a8C8C92Ea2F0FC7F775,52,126144000
0xc3b77ff6624E3b6904bdE69D3Fd0A4f7161Cf227,52,126144000
0xA4cD4023eC92e5547A8f7fE6bcDcc5F4F4a1BE45,43,101369301
0xF516D138B35336967Ca05E6d397A94332F27E7Dc,35,75414856
0x7C8835efca119c13266549fa4cE88412A763BDAC,27,7776000
0x45820Af12059e11740373FA5cAD05933f36b24D9,33,7775999
0xb0E992eA2Dd3907E647C4d6787ADA9e1D10Ba09E,27,7776000
0x65e1Ad2cB4170b812a73B931A0Ce5BE676E46676,580,24204808
0xF8079dC4B50Cb7FB0A2035BEd9C183C27276B392,28,7776000
0x2D4C5711086a181F72eCC8134B3F51395Fd0cCbE,68,11188800
0x70b9e1f565b91617DD5bbB2dda93D86E7148D3B0,30,7776000
0xb7EA17c0C781129F7E218487e89AF694721E95Dd,31,7776000
0x72C5cd18A51D53Db34072546A7A38a4f73600d92,68,126144000
0xeC2D71d3F1dfF5F8ab34Eaa31AE76C6A8B3e41A1,70,126144000
0xa3089EB72A33B02a20B1f12740506E54Bcd1A884,30,7776000
0x6fA9772A990Fa6451183FbCb1daab1773fF14906,33,7776000
0xFe958312C439Bc37225BC9B3ec02b561a191594b,32,7776000
0x9619f2f29cc7d6c55ecb206788460941245F7b81,30,7776000
0x142D1A1920606c5D672eB0Ef2c4C9e3ab46f9507,30,7776000
0x3eb62166bd3c79A4f847782726481A73a6d3A4E9,67,126143999
0xCb9780a556Ec9B116E141D08872E0f4F264eb2eD,31,7776000
0x61d7ecE32854CaF46c6304Fd536704EacD4dA256,397,98450729
0xce0E1766269e63a87FB1C1e5C745B1db32b5713d,35,7776000
0x1341df844780b66AF4ccC98Ae0F34be87eABe1d5,50,66960000
0xD506025708BBb9832022C9F9F1427037AbACf5E4,147,4559802
0xCF612b06F02Bf3f53429ea7Ff0Cf57370a4dAcF4,70,126144000
0xE69f48B69E2342356b8E677Eb415800c91E86aE0,34,7776000
0xe0Ee681b35244a34242C5F570f79Df8702730fa5,200,28155167
0x06fe326eEADb513CbF90200d5EE4D01c8A8aD9eC,40,7776000
0xb59f5A4E0E68467178294fae49e9cf1954eE5f1F,60,86687999
0xA1fcb5C52306a1DaaeB1311D5089dA913B3cA8d5,36,7776000
0x9Ab53Bd039CB3Ab5D2A73Cd6E658152f65aeBDdf,80,126144000
0xFDeDfCBdf347B4d59BEcd6574F176Ad3716c4d29,40,7776000
0xA016B59Cea666f53da4DA3C9F99B97dA1e0b016b,80,126144000
0x690B1F02D3A943225e0571cB1185Ae78255D4d37,77,126143998
0x030fD92b541d758e374B628B44325086e6ee5841,39,7776000
0x01934A40De14805ABCE67AB1F70D2BDca4612Fd1,40,7776000
0xbE93d14C5dEFb8F41aF8FB092F58e3C71C712b85,80,6912000
0xA200419412D36Af995229b6033DB25034fe1A089,40,7776000
0x29ad2aD28ABDABB877E5572b57219A594e21EbEC,220,55162472
0xAfb7650aFbEa60dC21849dF752505871E1E8499d,50,7776000
0xf5075227D4D72f4aAd71f54747c450de474e1E94,40,7776000
0x9253b2559AD0D200562043691B9Db995D6b084e4,45,7776000
0x3eaE133204bfA92A6f9BDCd279cbfe67921c07Eb,50,7776000
0x1f069FB4d23927f5c13C7CfE96894E88192aa856,1708,11457609
0x92cE35a438C37FA648F98994B96e77FF004d7fbD,41,7776000
0x22a8aC127Cff53D16a76B2F68aaf71f85B402004,44,7776000
0xD9eB2a0Ca29294298b3C0D5d48B94AFEFbD1c0DE,70,75414856
0xcBdCBc57E3363a505C2B55d7DeB997c29F5Eb747,73,101821807
0x02B3d4378156009E000Ef4A5B92026F3C0aE7E5b,304,76084293
0xC539BCcD78c1e114a7BF100Df9f3B14f5Cc7b863,100,126144000
0xceD15fc2a8E421e0b16F5eFb8FD0663CFb84932B,50,7776000
0xdA92910778337E7F423E88fc267D6CcECfDA0172,100,126144000
0xD2970eeCfc0cdCB8e94b1D05fc825fcC43cA1c53,50,7776000
0xFA5837545A05e3FcD8EfF9Cb015Ee67Ad439df86,50,7776000
0xAe5dE2415228cE5D793717e9878A947Fff70C6c3,100,126144000
0x61e59742771876AEF08A7732c7882FD60f2cD6c7,100,126144000
0x01A78DaAa7d70CD7149d0860265755b9108a6252,50,7776000
0xffD1d00554Ea254F267d3f73658D6EE69fBdEe52,47,7776000
0x780a6A85FbBf91e0199DFE33f20cF12Aa0f4430A,8478,1191000
0x9B61561F224B252290Ae161Eb12414a1A6eE5053,100,126144000
0xb130F3cE9c44c782E190A095D43D3Ff7016177ED,143,88394449
0xfc963A93457c5644E51D955F3B2D3012e27aB3Dd,504,26096221
0xC24A2F37D6781D8F5d46C7fBa9fe2Ae0DDe65Caa,100,126144000
0x2B56cc701e004f336be58aC110A8281B691d5C20,100,126144000
0x1F7Da94F8Ffb08Ef04809E588A060224c4137877,50,7776000
0x40bb7Adb1522447Bd2E2F57950a8aFdd12CBc6B8,50,7776000
0x582ca7e0B63F1f87add6A49459a28b590F9cA3d5,75,86687999
0x85778A075571CD129f68DE256C222472d5d33Acb,50,7776000
0x57513812cFa13CCf9b1E86d181C78591D233CFbc,450,33724798
0x58DE83a94c43f3ACca016107eAAef2fc1b7997e8,50,7776000
0xd0F094f065bCBD2e2F75A398bD25c2346e2247D7,50,7776000
0x9C5d846415347062a55616758A91B1182431e365,500,3825788
0xB48EC01849e8207a5a734e588510Dad5c668aFB8,50,7776000
0x4a59E8A04842C60f5FE2eBf7e7dE5dDbd10A991D,50,7776000
0x9fA5921eF2012f37B9E8911a647cA34c92e46045,100,126144000
0x72Aa4850D323D365295Cff7C98cC2dF013149262,50,7776000
0x92D48c4DE995677efEC025aA53D570cc7A882cd9,100,126144000
0x05e5ab383f3C2D423cFd118B83420261ab0990Bc,1464,11324116
0x019D168f206834A84a0BF16De96A40B4228FBD87,108,126144000
0x3C46a8D627F025fC754629AF61FFa3Ac131B7388,200,63979200
0xbc8A0cc166e42Ea12FcAF6EE8D78bFF71A0D2bd8,50,7776000
0x1aca371E54A19cF255eD4F8aC6aa82AbEa7ad881,50,7776000
0xf44Eb9A9AC0BE17441A96F94341dFE77c2E41638,50,7776000
0x8Cd0faD27Cf780dE2B1813859b4F8170E6323Dea,100,126144000
0xF7Ce6C47275c83f76A2629Fc9Ea29c8B988e6cD1,199,3402160
0xc0C4EA252FcBb5FC74Cd1c6B3B049Bebedf0ADe2,53,7775999
0xf5eaA845c254caeb61131dA36EED31012a94AEe0,121,5164005
0xF5b1CE61ac45e5BfeE6a35de8881d3a7EBd45653,85,77404234
0x5A8eFb970eC4422Dc7D46477BF3841B42E2CB772,784,4983755
0xB8e9c0F012d5f4255e8181fD747A7Fc3842bB1C1,60,7776000
0xf223d6B284F43363f52eC216610dF8a09D62510c,117,126143996
0x741a065BD49920C1C0031933DBc0a9cA389b4b7c,55,7776000
0x7DC130E21cf30C5e3ADfC46664f55ff2c49502dd,75,55123198
0x21015C4d9e93ee0a643DaB28052FE321c700281A,115,126144000
0xa48156BaFf6284D8B77285EE6a93044F80Caff69,144,126144000
0xd6B28c6e0dfa65C974363f0a9f8AB634eD313b6C,57,7776000
0x3BDda96e2e17f5bE3dC78cB82CDa7C464cE8e56E,115,126144000
0x0F279Bb6be5Be8cF440470a7F3E3db037F7A9D0E,60,7776000
0x91Da6e81511F11AcE77BbBA1A7e55f9e905da960,60,7776000
0x60fB4B046b07cE529fb93598286339873d26DD0C,331,29310739
0xe73f51013d52B206DF6d3184cCC46ea3D46B059F,59,7776000
0xA719DB5B3B6AC2a7d077c5f5286f865CA7B2E248,101,5006922
0xeb9388d07d794E2293ae39980E0B2C0001Fd4225,59,7776000
0xB2515a7221b2654F9Faae0E4eD1d0E49Aa7B85DD,59,7776000
0x109F7b02942800844B4Ee7Fc054628F129f9091F,74,15773837
0x488829C889abc6a3B01C6DB68966f1638C6f6A2a,62,7776000
0xe2E9BaA8955F617f1c3BFaa62Cba2bC2D3fd124f,142,126144000
0x58db33471586D8b2bfF21Da3bE1Eca919Cb2eb63,61,7776000
0xBF7725eCE8c2fa6023882Bb8B7D94a21b80c7E3d,60,7776000
0x88d403358ED7ee24FF31e173b706e3045b08cF6d,62,7776000
0x94F2F4F1DD3a82CA959b0E18741E7926803b63BB,75,7776000
0x4acCC4f0781594dEB1C382EA8a04B566927CfbED,150,126144000
0x6e7E9A6424FC4ED9fE0Ef6914E5ca42290a3660d,279,59509161
0xC7775BC0ab8af68d75A2165334bd7e68dCED9951,70,7776000
0x97041728D56a7cff259F04D50e1394663F40548e,99,90274907
0x4167F26312c8fe15Bf4B04c0e7E8958734Eb6931,70,7776000
0x2A87ef1811B888AAbc899a51775f90C83795e23C,66,7775999
0xB9328Ae4FfadFad326Eb39AA25429760Ea28d043,138,125286260
0x1D4C3b9F8F49D6Ac44e398F766F520a3CDB0f3D5,75,7776000
0xFa461CF771ed43A1159ddfEF0da8032fd720902e,75,7776000
0x6dE71cAEF91a77eFA2dAd5eE33aC9Be53d1047eD,76,7776000
0x87c6F3dC2b69d7D46a8D63217c47b8E926dfC758,70,7776000
0x256e3C3987719cCa30604e2A4b34F57058472803,70,7776000
0xDC88CE5690f420bfCd7B0f07E5a761e6F26e0594,75,9359998
0xD10d4F616f0a749828Ac1d0bD9ad77E7e3DB6304,75,7776000
0xB34d0BFE6E941185e2F5Cc9BbC2E21656905754E,570,6487578
0x8C7a95Ca8837350F41c706459E6dED9388f208c5,72,7776000
0x213A8b4A4719D7C74377Bb2a582e7Aa1c5d4d6e4,146,126144000
0xb4b33621B7f5dEa60F32b0C61Dca70ca9a2D86e6,83,36298408
0x9FB0C66dDF23d3FC27D51292BED4FE5976141ecD,80,7776000
0x53c7d1EaF3d298759F5C7A3d15421B2565e34f3F,83,7776000
0x6Ada1274d9C79833e5E5Cf9a5BD3C7D46d30b4ed,220,31096143
0x18956cE19f51897d1cc6CdF744B9674123eADfb6,75,7776000
0xA11C43F45704EF8446D977CE7882D1AE96388DF5,78,7775999
0x828E6FdA8A4975Ad8F4b73f4e764b1Bc8F123c50,150,126144000
0x34d86E65e26adE3b647C59bef25ee72B7588F016,159,126144000
0xD665ea9B2658821821568D95875Ad3E80000dEad,95,7776000
0x0f8b1B3c630E822BA244500a01c6bF51E0eF90bB,957,4774025
0xa68C26047AdfD7Ab4fBB6E2624238Fd8DbAA35c3,280,5698696
0xD003C9f640c1bbB3CDf00EFC43a274D08c18Be58,80,7776000
0xBcd762ABb0d2af275320597e93243BB1bC5cf656,157,126144000
0xfDa7c88302C0F18040BA14395278e31dA7f0a70D,318,82381584
0xF9C4c47d27DB82e824BCd41A51826a4D67d0F54e,100,7776000
0x6c8a6a4f8BbeA5623e8c308507D1899fF31724CB,100,7776000
0x32F5366D8163105362A4035f49dF264Df48a5350,100,7776000
0xb12bef7b37278a6Adcdf200b7714b9efA6D19C19,28730,17348263
0xdF97EAbBAC2faeEa354A11825e9AbD6e2de1713f,99,7776000
0x45234a781a9fD48570Fe41764a108D9Fb79629f6,172,126144000
0xA797f487A6789cFac569cC707d685321A3FaBF33,90,7776000
0xb48816C363f80024fa1e75aD3028Af64d5dB224D,100,7776000
0x7FFd93d70067AdF71E4F43caa4997d2690c1AFbE,174,111177928
0x80a44405fE5f3CFa328Be7a281f92Dda8c9DF098,147,99571590
0x9aBf76DF6b1B6fB7371E206E18e7B8A887D6a25C,201,126144000
0x8B16e97ae8A322d56d619022443492dF4aeAa7Cd,200,126144000
0x3076CD642C9361392eceE113D6796Ed0f3a5d8cf,100,7776000
0x16025aA77566E275BaB40378CeFbF5Aa07F50D78,100,7776000
0x611073a49A3FD07A3DC0CD3E77CC5AFf1B916169,170,126144000
0xCd27bd2110aA5288304dA6d5c46CE7d7e308BdEe,95,7776000
0x34Ec940E7AEb71c5891a4f5c2d88136fc83Ed3A4,92,7776000
0x43b9AbD23278C0173F23dbBf50d39CC1896140dF,375,71438976
0x6E81417b312917305d12F76Fa3B6bd66FfAA75e7,180,126143999
0x30517bB8AF86F14e57a8091A9Eb974a1EF893028,178,126144000
0x568990A4583a4f77eFA69c62D36763d931398057,88,7776000
0x59Ce5456a4E4C1C142889f0FdE5605F7B553b95a,1590,23968444
0xa9f078B3b6DD6C04308f19DEF394b6D5a1B8b732,100,7776000
0x81f2E56Dba7032364B8d9d805E913e5662c027e2,200,5637599
0x89421774703570108345E3bfc3317267e2994c66,130,10168613
0x6c9F67b1aEB0510b71c0D49e08fD42Ef44eB66D2,498,102850697
0x8C2524e0E62c2836A85BE2D47Cbfff3f4Af4C72b,200,126144000
0x528836082e417D7b839E17a17964694266AA29a5,100,7776000
0xc47DEAD0620FB7Bc90c2fd8569f5a6FAc7b1eC85,100,7776000
0x76d2DDCe6b781e66c4B184C82Fbf4F94346Cfb0D,900,52559998
0x4dDdBdcE6d37E6F7E3c7F09570329279948c7494,100,7776000
0xAABE54dECD75F84501952A6318174CCee0362724,180,112991998
0x64D4f8fC6E7Fc9e0E119B0D9B55D891b770e319F,100,7776000
0x69f47bb74b855Ada42237E82E65CD724764fabAa,200,126144000
0x0A05Da74b04800a8abeaA45dA6149d9d758839A5,200,126144000
0x8d23e64A54F6b40C0a607dFd41509225CD4fB2EF,800,34711200
0x8A2c60daB177AF3758729be300CC4f9909490B33,100,7776000
0x02921dA19cEFE31197711b54E8539a0920c20Cef,100,7776000
0x3db70C686D37b62AB6e3470ABb55A216B4C9be8A,101,7775999
0x69019657D1E882bEd578c3e46eB2fcFF2fa98b2F,100,7776000
0x2CB956F4403F5512cbF988EBfCb2A49DD3c0DE39,100,7776000
0x28a5d056558a3e7DA47E388b5991320F8b27de75,100,7776000
0x5888F119BD8ff4a4fBd8395EFebdd32A6603157e,100,7776000
0x5b356d59ea36eF660173970aa97f76213BA46260,200,126144000
0xB17b5f009d26F0F5B276547A98FBF011a5f5dA36,200,126144000
0x34a826Ee13F667c976914cA11DA105Ee9174CE94,100,7776000
0x6f76019451B4E379e89ef4421ac6DEA3e9ec89f2,100,7776000
0x7d02A8B409d1349B2000b67eBfCB6DAdac3F7e7b,323,5747871
0x3814e7d8B844053DdE854c9CF29af8d5E5bF1F16,100,7776000
0x3bc6E9D48A6201171aEEEe8AdF87DE47A92f3e71,700,5677713
0x759567C696a9B43A6CD066D37EC14a865a1367A1,204,126144000
0x6dA10463F51e105aC3D15A8C4f13E1F1032EFB99,100,7776000
0x66Eb29f3dEB1Bc73CF0ab4FAb1C456fF55E39fd8,100,7776000
0x03a8538562D922245E42D664d978A07F40977Ae8,956,4693072
0x01d2568fF09C114c82Fd18E4bc9757291cC06Fb2,212,126143999
0x0A3207c9846282f061C8DaCCD66865F252C1EB9E,150,86687999
0x173E698149E6Af3f606E956bD36015347aDD9bD2,99,7776000
0x72fb20aAc515e1963266EC033A4ef39eADA00B6E,200,126144000
0xD0cf22776C80c58f25C6DB2Be29d267a99246a5E,100,7776000
0x7c6269A54Ef007B13F281300b0c7791028a9c2A7,100,7776000
0xcc3bBc55D07daf757f063D3604401628b15F73f7,100,7776000
0xD3C58679D187163931246D34E8f741981EFE0D91,100,7776000
0x96a49cB8F552a2D93a56Fc2Ca738891E77572502,100,7776000
0xd36d6C7e44C0c4479DD7E48097Fa897E35c5Eddb,360,72230399
0x4fAEBc390408cC61F2ACf5280B0a37eeB577B0C8,100,7776000
0x1607fcD51664B307c12E6fc2FF56BCed18218c6C,100,7776000
0xB3c4Def73eB076FAfDd9eeF59Bd8dDeC7314775c,100,7776000
0xf0bd05D77bc94943390Eb7292a0Da9C2CcbBc83b,100,7776000
0x8Cc1226540EB7Da70BD230BB4bfaEeBd3Ff053cb,105,7775999
0xB5a2E48f3B6B61D1d59877C8046E7C2C59595e4E,107,7775998
0xfA96d3174897Bb4a41Ce8D78B2d5BB67A1918338,110,7776000
0x2b0C06BE831a935b66C95F3d99E6FDEBB2660dF3,382,23554174
0x8427eeE12190a56Fe4514c34329462FE0E09D79a,220,126144000
0xc4Afe4030e65d3f10AE20dafE822E206153156b5,234,126144000
0x2c32c32215C51fDC86e8f421923BDE962c684620,226,126144000
0x98083Cb396fc89004dA64549B0C4b64bC9C2c8AF,115,7776000
0xf8e7050be7180DbF0e65Aa36841D0da13Fdfd880,120,7776000
0xE43fCF1Ee4344f517efFBfa13A52ffB92e3A2c09,260,126144000
0x95859ed507ED13535de6Fe0551f7363D4CB878C3,750,44467197
0xE34b5d83bfd8068181b4A286c36254E10B07f417,123,7776000
0xabe73C0b2B972484EC91cdC513F32A3bD50ECaCc,512,105057336
0xaE69116E4AA49645f78C1Fc9f28F677aeDE0d153,250,126144000
0x06F9e5F8F5c170B9EEce58676D932BcC398F52e5,250,126144000
0x86Ae657b0b38429E8072523F459e572F777cA276,280,126144000
0x5490DFD4a564eC73Fa17DD2e94Bea1B362Ce434C,115,7776000
0x4f80Cc7c3c0af6b1Fb1Cc23106845Ba35E771460,252,126144000
0x75aB62D21fFdE67Feb2f8bD75A95bfE957cE4497,115,7776000
0xe0181a72c512dE97a75433aa67288685980FFb7E,230,126144000
0x9047089727E2e644cea28836efb5F3B3C95b5B36,125,7776000
0xcf2697b675726636E7bE70586df52b0cd56dF6A7,250,126144000
0xf1b30f282A4e5839286b3a2F67Aaa8f1abfd0f5d,344,5054649
0x4f9c88beB3261438687E468b7d531D37C4318632,250,126144000
0x7Dfc164F390A051F2483532d1756d80b76Ea4AA8,264,126144000
0x06e01E79a6bcD6b33605c5D2096A4c3A3E8C6C9f,148,7776000
0x55CA3e493bb8EE9eB8bf9741446A4D4016f2cde3,189,86687999
0xF59A1bFD31F77CC94a6d724e03086E42c3F3c8c2,135,7776000
0x3e763998E3c70B15347D68dC93a9CA021385675d,226,45255248
0x093481adbb26252ac4aDCDC56Fee8bC83b5DABef,1000,3711742
0x74B3c9888e54D2b500DAdA34402a3fb46E38a258,132,7776000
0x655d35A7444Ba8D6cbbAfccD28f12B8629D3C8cE,235,108514722
0x26ed28800c28b1c6912C350654A3E5D867cb620D,135,7775998
0xA2E00f8CE10737bBE18558dF0Aa8ca272f5b5ba2,145,7776000
0xD76CB7197AF9D26cf143cB6C9464820ACA826745,300,126144000
0x5277D52A5c001C6fCE4bd21F9daa05C91b30d2C2,194,6286711
0x082370c203b19508281eb57fBD8b104Cd9A28fbd,880,43800871
0x57c4b5ad7b770D21b63aa5878350f6Fa44463455,280,126144000
0x1ab8eAFA2b2d052F7675A040C6A10c2FDAbf6fA9,6457,7434786
0x46F8fbea35E9E2Ae619a93a0cF5269b59f551278,678,64293831
0x54d5247B1DB1effE8586464284144C40a7FD388B,200,66960000
0xc13b67Fd50EF39ED071A4592eD81df3D0e905536,405,5962664
0xF1Af030b6Dd40C88788b8B170aD817652594449A,308,126144000
0xDf16A184a46c604d1eb15aF70F8fEBAfa1dDCF07,300,126144000
0xD602015301F27aB83C86692aBA077f22014a3a1E,150,7776000
0xF44c56acBe78Dd7898123407368230d5c7fd6F2a,290,126143999
0x6d75Fc6c2D412Ad34DE62890A0f309ad8eFE41FF,144,7776000
0x3d6d0DD0eE23FCE3753ec2d585Fd87eA6556ac9d,222,5773231
0xac4Dd773B0E88CaA7E5d1fA75D3605ab1bd557a7,350,126144000
0x60F0E198C2157708A2188A19E4b86489d8549fe3,217,86869824
0x84d0F74d21a89F86b67e9a38d8559d0b4e10F12d,1000,3468093
0xeE241687C6496BaC374126FDC4DEdDCc3611ddef,149,7776000
0x008aC56bdD1231C72f93958e98c45c323A530819,150,7776000
0xb1d4792f43098535Da6B589AfDd762DF94490C66,500,77621760
0x99CFE46a7CB63e225d7670579F1f80cE4140e49b,150,7775998
0x14eA43A1d391339Dd3aD9FF373258E447B3Ea2F8,158,7474145
0xC7d55Cb2AE0066E4BDE697D2c486835566Ff5CD2,300,126144000
0xbC16d9213fb7466f5566a62E38f7843246043E04,200,43286400
0x9b86449941d2f226A2211553f722C76c06d99bbb,882,46537272
0xBAC215659437eA772AAeA14320287C22Cc0096a1,665,18787127
0xB36AeF608904e9a7db8828F8eA893Bdb6E6C53d7,200,7776000
0xF1376fe0e1b83eb4Df6D9f5fc210bb60716f3F98,360,126144000
0x2E25362700cf06EAAf4845c34789F67ea1B78D56,1392,4121065
0x82a42405484f433dd4cB76C2e1bE9a37EBA666D9,176,7742127
0xe56EA9bD7580Eda668D165B9426031D5287144B2,180,7776000
0x45A005BeC6Ca9f438c6556dc11051744abF9af24,1090,50968865
0x7C33b2AbA57dC50C1B7021A414D814738770DC22,813,68969941
0x2D4cDbB646029A6D0eA7939a27421FaF35aac221,167,7775999
0x43E47A90990B0357c5988fF416E77C253F618274,200,7776000
0x2de5399D2A74b87bf2f735Ae6C3fA9bb3619d43B,592,72484345
0x467Bf9F3ba1421213460390e34F66A48aDFb0aD2,170,7776000
0x35919A67F5Bd4242D49B82890f8977F803D9f3Dd,227,59920492
0xaC3d674E13736C32249dfbaF64C3316B13A92DDd,175,7775999
0x7958de6Db085851B0DAfC2b443aB151845118816,400,126144000
0xd8CFfD57e8f1c435Aa9a1C8FAB3978F6cA26CBA6,190,7776000
0xC9C17B24A3E97783c018EE20259502341ce09732,200,7776000
0x446aF2028ebc2A727562B6007A942c098A3945e9,420,113055632
0xe4074b6E107915750521860ff0874F8d5c0f52D7,200,7776000
0x1AB83e5B42222Fa81fCCAEef8e3A844132ED07dD,360,126144000
0x053a37E1daF001528C7c9f0A23b50De105613a73,415,6411294
0x96050C6a1C62B7C759a6FD4d945c64136eD9d511,195,7776000
0x46F098d2ABb36E4d56D9825b1fe5B3b3F6454CE0,400,126144000
0x4FA618AF94bFD5CB8e4A62561B1201A7395F692a,200,7776000
0x54aEb6D0206916F810Ce26Ddf7D9206BEaf32241,200,7776000
0x2965639412dabFF28CF3e2Cd5E05C14Bf34005a1,300,94579199
0x34960C4096c0d2D8b95Ff75F60077dc8eccEE620,400,126143999
0xFC4Ad499Cfb7C6A9e730723aB25f8E8E87f683f7,234,7776000
0xe0C0a67871cC836c6958acC09CD4a2488Efa1Cd8,400,126144000
0x19b299a8878Df209e274233a709673376cf4052e,4495,46128863
0x795A1622517dFe1B478C74D68Bc17f7e347720bF,190,7776000
0x22A976524aEEd631aeb68473Ec4937D2b2295112,300,86687999
0x3cB40181ba187cE92ff54700767FaFd9E537FCa7,505,96117860
0xB0A8214D1b11f0F3d5175390F7aa6c13a84569b0,190,7775999
0xacaF9619d7f9a3B881310C57f7bc3B2E4D0B6bB5,200,7776000
0x03DA4aF92CdFe051f70897ad41bb80a24f08eb7E,327,104787080
0x7E028136AaF176B8E338581C0e62857d8b7f5ef4,245,7776000
0xC61Fe3b8f347CB3567b0bb69E69bB7D231ea8C7C,400,126144000
0xe071B2107F42Fd40D6FA4B951bf4253cC8146dE9,200,7776000
0xFB565b2FEfBF63ef61d7D7Bb4916FF8c75AA48a1,200,7776000
0x6DaC5F7bEB9e4F31D5b992290F54f1eCa1bf4549,300,86687999
0xd17df77E701fA098835a34dCC79ff6da0b07a3e0,490,126144000
0x0815EDf1b6B10b8cED00A5E58634EC563197Fa12,200,7776000
0x955EcC1a2cA06Dc29d37Be3713dF3329c92e96Cb,200,7776000
0x7F59f02D43cD2460bB8ca8d8537D76d94A95CcBc,608,13403367
0xfEC0d333b0d6B91A4C5599C82e13EcC198E23EDb,500,126144000
0x02608D35121Db289427f6fD4Fa53E93b5caE0BDF,450,6143999
0x0B40EBe75cDC9F581C4AEEc7a774B68Ba04b1b56,300,86687999
0xB0eB8B4003fDD74f3c7994fBE5fCE95aD10e3BCC,200,7776000
0x8F2c46cE880C288Bbf0926123814496a9842a591,200,7776000
0x9c8d3a033d2B522514eae3bf7097D4CE438Fa246,400,126144000
0x00EBE3F364A55e415419A5b01bdaEcAA70F01f31,580,104603585
0x9f23615A8F4DC11Bc7056F695eC4A8142c5cd551,648,83036798
0x7472c48649D797e06022f28F4a8f58cB1C001b27,400,126144000
0xB246e883B098B1e20dfB9Eb510e256a7b8A32A12,440,126144000
0xaA692B9A88456f5F75eFc9a4B7B74394219Ae43f,220,7776000
0x45914394E2fF8322228a5e7b6577545E12299bdD,260,7776000
0xEACAA7D9A5ec8c171d8250a95CFD4614Ce779C24,500,22032000
0x251940AC86500eBf7Ba4068b914279d687CB0987,450,126144000
0x6D231f4B6FE4FEFd4A584ba149C08bCA946b1B2a,238,7776000
0x8476628f0BB288822c01F718f4ad79991848c92d,2222,30413496
0xE14a13b8eB93B6569a748EA57A1A97025fc82BE9,687,85521285
0xef168D57E079cD6Cf0878d8E0C2Db247a4Da310a,237,7776000
0x7191BCceed9860A719e4B8ef622d420C10486B85,558,37607375
0x06850a5c42D8F51c5B10aA573A9569B75e1666a7,247,7776000
0x72CB37155a8B58C442FC9D6EE81318A28f0E5d77,280,7776000
0xc216eb36ca25B3937680aF7375B7aa17e705def1,225,7775999
0xB22d6EaFf29D135d6e3ffC3EB389729df7D2cF11,1035,63678051
0x91Bf93e274e5e15a31cf748cae0Ad5d457dCD5f2,500,126144000
0x1A1e852f970a231d32271C88162e222A09C1650A,504,126144000
0x0FAb40a6e43eE85Dda2052642330f75c6d86f7a0,874,72682368
0xBA6C7666E9a26609Bd385A7B91b4178Ba6148Ee3,492,126144000
0x1BC081d683D7b7BAfd9F7E96BA667b8810373fB4,500,126144000
0x92331550E4ea64485de3773832b4f45e3EfF3D2b,250,7776000
0x9065431A087d8c0293279118435847159fDb2370,500,126144000
0x40f79E0a75762505F87200226577dD50d1B4BB24,478,126144000
0x3228bC24472e2C90c18AE48c788BcEf64859BfBD,245,7775999
0x13579715CDEea6e1E95A5443D83021c503e66FbD,516,126144000
0x39d9568A7b2c9C3020Fbd19f9d2Fb52aa65806C5,243,7776000
0x2d6041608B45Db9CdA3E3A1b832823bcD8C02BCB,250,7776000
0x9b25235ee2e5564F50810E03eA5F91976A8EE6fA,1600,50327999
0x8a8255865024d334695a3E09653A452c99F75BaB,245,7776000
0x4A3132c8f76090ABBA124A351c7b8C1C38F17085,246,7776000
0xC5240D991B241C222f38a599da988F4f3CD78E55,500,6307200
0x9b81EA563816F990013551D6ec602E0169Bc9058,255,7775999
0x8D869f609beD9516596D8563E26d4870f5f1AaFB,2664,34445637
0x56f2C4CB8518d0a4Ec749593dF574f7597A36140,1862,44708982
0x5D3D86D89177EdCEe19a2415A9C13DE3D6Fa33b1,632,126143999
0xFB97fAe6c8DC8098eDd56247F477f79318254C44,278,7776000
0x6EaB4FeFf315eB598A919C5CB92bb4b67Edd7d12,3008,3795190
0xD2b19fdA48871E4fE48eA66663902c224b74CDa3,555,126143998
0x70083A816329942E7E962829aFF470b3015FF545,303,7775999
0x8E7b4Fd21723b8f80de32fA6cf03387Fb1203aa5,299,7776000
0x604b034da608C682b12a577392A7f3d3f8C9176d,600,126144000
0xE611194a2B49466353a3c51d19cee2Cb314Ea979,393,6549908
0x2151943f25dC5B62d18E88E810a2Fc7f990043c2,2497,3589214
0x52EC352D9932F9ceD5021690ABb3e61B033aB529,282,7775999
0x92eA5536B1dE385175D67BB6024A98e48EDB8aae,285,7776000
0x6c45F8283FC5ce5e9BB1Dfe4BecF4f9E9adAaC75,550,115383271
0xDaE8cE9C04Af31C353ED4324149811eab297EFf5,300,7776000
0xac0537fDB3591444094004791182A0E5fa3669f0,5400,37455834
0xc57FC8fe4c6291FEb42c8506B09491515EB5971E,321,7775999
0x945a69A6f77bA28E97a4d12B7A9EaB8811313848,600,126144000
0xE84a290bF2Af16be81eE79C855bDea10F07C3A6D,363,24080130
0xAb99C070540CE0aa4C7B978584A6edFcA5af37CE,396,36471271
0xaA2D91Bb050c99237D51a33958F1efdc1caBB52B,384,35839118
0xffEC26C4Ff03bBAf5119B797595F7e73062Cbd98,967,80032398
0x59911364FeBC2d11B76D64c87fdB163940b9563a,300,7775999
0xBB959f3e8Dae3D06BFCbD4EDd25845a7de571216,306,7784470
0xFC5a548eF9Ad186aF95375e3B0fBC8Ee6d5Ea469,300,7776000
0x09B619AfaFB8A6f69AfEe546145dC219b38a6A9E,526,6670210
0x9f434A0F482B781f169b5C0b8BA40d26F2Ee5D2b,348,41789792
0xb7542735BcaD39f7294F981Ed0adfE887CA18225,1608,51282804
0xb9ef85Fb70E233D574479fBF02eAfbC72EFD1e6E,292,7776000
0x78a7cfb24afC39682b05789711031126d751c953,644,126144000
0xD81eCe64CEFBAaf02584d6E09924e1c57EAC64B3,333,20217076
0x5ff9E0445Eb49f16c9d83DdB5d2E7886112508CF,600,126144000
0x32d4b40e0603256aacda8BF9d887506C4a3E0031,600,126144000
0x3750628D09A790D18B8Cc854A22205adEFdA03D9,600,126144000
0xe670f0369D0a7bc7eA89D06BcD7174df4BE7EB16,355,7776000
0x4413A906a012F06bD0ABDa5eeC45F7D67b449284,324,7776000
0x742d9cF9F8998318282362F3330E2735fFa60Db1,697,117652750
0xd05B01070C4341137F4d1731bd4821336Bf65F03,10000,10419767
0xd73329E8BBe79fF75F408e71966e0E79E74dD250,306,7776000
0x7ae299A8358B00316e7541ED89c7C608893D9D8A,589,102028277
0x44bD6FD314dd5AaE5100f7A9932575207fbc3bd2,446,5603600
0x66246BD777B2d8470c84b5a05cc682cE06972651,350,7775999
0x3623e100724b9da0a891A39372A9CA434945C64B,1000,12076127
0x1AfD3A258b1A9B397A24A239bb70444b478deeDb,350,7776000
0x837DeD5FCf1b1B653b7B88A62d4fe8399AA72bfF,705,126144000
0x9AB8B1eFfb50ee4d80cFE66C30910Aa4867d6060,320,7776000
0x413c45864DF2368DB1427e2F34d8BDffFb0913dc,324,7776000
0x941b6117f7059C484D66E8f24ED38cB40A1667Cd,325,7776000
0x075a3D49c637252B83C3B0a2B1869B1935b23183,318,7776000
0xB1561cacdFF8d0077e1FB4C011a93267916A9A65,792,126143999
0xB23b8b5ec1815b9Dc27909c10AB54bB49fC8bc8D,906,93849853
0xc24ddC9C78a354F8E5D4b7C45BF6E8b2eE6aC40c,770,110390025
0x9c2ABE8C4d6A2005Ab5D578AdDaA41f9C60A48cf,360,7776000
0x57f43958a85243E533CF030e642F2Fe0D60483C7,340,7776000
0x3cA99a967825891e2Ae4F5F05367AD7fA83f22a9,1288,74463918
0x7E639A0879eF119fD6a392CE78A029e88699F07c,772,126144000
0x23e817b3982Ba0E033daB4fA1B47088418ad6B2a,1650,24883199
0x2d143E65efE05EBeFa16e8119085F9394E865DAb,800,126144000
0xc06830694A5C22278CE214cBa0dF198486A68D91,1011,106398907
0x396ab8d5f50464939218AD967A5A2FBBb94f4b70,1045,93708033
0x70bD0C8042db5E9BAbf481EfF8c8F1b286c96fcC,400,7776000
0xC3e9704B5fF6319De2c1b6acaA1039B96a22888B,411,7775999
0x0832D81A732648508C4599414E514c28ff0a0aC1,385,7775999
0x97fbfBF00B93A10fefa52475D30D33a8eb367E3a,390,7776000
0x61031B24bCefc7D1C46e5e28e58b80179E56caED,1688,103134057
0xCE44007A0A90Dc201ED420f5b072Abf34Bd2Da51,769,5205570
0xD1993291Ba29Bb13E8ADd77B5B4e4af0586C9b1A,500,7775999
0xeCeFB0C5Be936FBB1659EA47546BD67F3dCACa04,1315,66626552
0x0bd48892671650cD5377368Ebdf9a19b09837F08,500,7776000
0xd376F87249f959555efD518129e29D4D792D4847,1000,4199039
0x07f3Ff063f09D05B6653226bD6434c78Cffb17F3,890,126144000
0xCA7684f986D8770190c9003C2322d1e1BcB7649c,1002,126143997
0xffF8C710f0e572997dBD9ccabf6AeA6CF13EfC96,1000,126144000
0x6BcdE208395225Aa5824Ff46296842109664d98f,884,126144000
0xB7f711d6451043Fa0Db64DB17e01C0B0272d3766,1076,71248681
0xA5A1F2fE535A22350860BDDb75C63D38fB1a0518,1000,126144000
0xB5ecC7C8FB021495110529E78c0319BbF4Ef745f,2000,56146431
0xCA5f20116387b52ca837fC02D7ABcdd21e9fd96e,1000,126144000
0x83678FBcbCF8AF5a083027097098faE2734edFD4,426,7776000
0xECa5e3CE0774372e71cE9b3675CB07c6677C2d52,8068,1834657
0x8a87448948625e7eA7822BfF2C740C5CF9723d4c,620,65050838
0x41a6ac7f4e4DBfFEB934f95F1Db58B68C76Dc4dF,1234,9330988
0xf2De055987E95a0854aD3A8F4FC42cAc275e2d1C,979,126144000
0xE0f7A13E3B038EC45D2b2b6Abf999fA20EA2355D,1000,126144000
0xbec2027DD208e21E8D25821506562aA658c0eBd0,1050,74715427
0x14c018c62A171CEC8082a1A94164A14820e6Af42,1115,125082403
0xAe78beE2bb202f823b3323e521DAec939f8d7832,1244,121725098
0x6266431213542Bb43beB87d59565d710bdf15c38,500,7776000
0x1F2C87b25830C710a56B2aA7035342d99BC1cBbA,1844,8623973
0xC147015D3298FfA4139205072F7C7400fe4c073b,3485,41629792
0x0706c008257d3574ED38e496587074814750b6c3,2002,18934200
0xEE1d9ae5bfAEd69436b53618B936e2eC994E4b09,938,126144000
0x0133682790E6779aB5E69CCF2aA9D40b3c893015,700,75414856
0x7a49983815a5f0499e590698c44ADfE766e6812f,600,7776000
0x596888345c9e3c6F7d0F4E5d8590941E2CAb52e8,500,7776000
0xf3324d1C84F9183f025eC78e863F62f3E6dc1f97,600,47231999
0x3e6F946eC358DadF27F86992A72E0BD281e04704,750,86687999
0x4936f33b7B060c7336fD0e4c61316EA248DA6827,1229,6603517
0xC50eED2291BF90c62220dBB77d7f848be15c9F9A,1000,6307200
0x8129d1c86BA95957B80ee34738d24a513000ad97,500,7776000
0x0e907f6c2f80Fb347084C31fC28aA222b865B9E1,540,7647999
0x413e5D1EC9227E1E426AcFA74FE06094b9A69156,504,7776000
0x15D5735F6894b8Ec7a808Cd40d050f64915B92C5,500,7775999
0xf02b93505EE2c2B87859636B55565bedc443456D,1355,109565400
0x11D3ECe4FBf6881De43A001Aa17b10322E2684f4,549,7775999
0x4815BD360ca6725B418A861422558c1597481c53,635,7775999
0xa3f9169BA2e9Baa25E6e73568fc4F02aAEa41B67,568,7776000
0xD54d23200E2bf7cB7A7d6792a55DA1377A697799,1200,126144000
0x68bDd638EcaA7565E1393A4Ea580006FcD87f3b2,600,7775999
0x5843b7a9837F1fDBAD1C4f4C8A3EC4D3737eda3e,542,7776000
0x081223c2cEa1d7288f42276CC519346019b3C479,751,22581922
0x6A86B33bAb9231dB713345bFc9643135D832e0dc,1180,126144000
0x211c1bA2148e843D10790A1D041632cBECfE3fa3,1000,7936789
0xCbbd18d3aC27ab0FFfD04BCCd091B2802c92e0ca,600,7776000
0x920bCba669734D63db9899e968959e99ADcFE850,1200,126144000
0x237E1CCb114C2C404ae770236c7420Bf051829b4,6950,28207421
0xedFF0452a76e278Ba7594D17264a30c26b56712c,1100,51584883
0x77FE051EC66db6C444386918600116b047B664E5,615,7776000
0x8eEae0AC706b3978b14702879427FE1A23cE3174,620,7776000
0x912F6DA88E370b8fA4cC73B832924D7207B863Ab,654,7775999
0xCe819468be3784c2ed880e8aD36b68621ED9440f,721,7776000
0x253D44506e160FA49803057FE3A65d482A318690,589,7776000
0xe751970824f3BCbf97E611e351C1136776be1cE9,594,7776000
0x9b7fA79317a864C54B0BdF852a932613F8540F3f,1332,126144000
0x182f403ac47d29B423bb1A84F39962d2B6d2ed9c,593,7776000
0xB5dE1695E92AD0A49CCc0F9230235d3F860C4E50,594,7776000
0xF075969D04AB5d10727fE066631c06BA22becC7B,594,7776000
0x1C3283871Ab8dF8Dde77436eff8cE5D4fD88EfC8,1066,104824434
0x1f2Dafef7DCD1D8E8641cA6E3283052d0E23f7AA,1200,7163999
0xc697A324e104e41db68F376e56022Ff3C72a9173,600,7776000
0xe5AC0B4832d027FEB1E91DeEba5A79C7c2c83900,621,7776000
0xD473781816837C7cd2FADC34E66F09786D2E2694,1316,126144000
0x91960c1CC552525AD5BbbA85F10C8651863A5E62,720,24215999
0x01445326F7023b6c69EEB0ECcBBaC6797aF3E76c,1601,112112769
0xce59FD95ea744b1D2AB1175650E3b2f17760e484,935,7270351
0x7E6FF442692d9e662521ea0b8FcCCE0F19F6aba5,1965,5584998
0x65cd9979bEecad572A6081FB3EC9fa47Fca2427a,1400,126144000
0x64C174D4D18be87555Bc56ddCD8b71912a4C1811,1574,111872079
0x13dF4729F8BBc76d05F81C6f1bCacC1B62C4993C,1324,7221316
0x57E3840e831e82b69Ad9BDF104B82aC979713F04,714,7776000
0x04BabDF0BB25B7f651398E02677e85d99289112F,753,7776000
0xdCCbFaaB304E73f1775FF8EF791220C8F94E274F,900,60383999
0x8a4011C09417A536694378a71b15bB2690ECF9b7,1725,126144000
0x84Bbac66A2f6E84a274d2246dBD0e8E708B2f259,2085,101585720
0xf626e9A2FDDbf55b0b1A87C56128A7ba6723A85a,2230,72463251
0x1f92b5affD12981Ef0FA7Ba22a802379Fd36929E,3777,6609356
0x7f0736D78bd9683D586E7af57e4f1d4672678F66,750,7776000
0x3D51b84eEC25471A281a90fC4c6e33B925964978,5044,49405739
0xA7C0E474A9F3207Db3F7ED86C994E2C8F144dbb1,1590,116466111
0xBDA243B093404f89a744e44Efa35f06D098EFA2D,2500,5035530
0x0eaCA1BdC1DDB3595Ed5347Eb8D69ABf64CD8B90,1728,126144000
0x5ce98a20F809A29121E8073faEA6deC5f2957346,1000,7776000
0xA9Fc99944624140c57563019335b8Add5923df5D,1000,7776000
0xd5FA57fD1b51f2C190756D6ac75667dc1c0fA532,1000,7776000
0x872E0106811e38A8e8d43Fbdd403392C8211B852,2000,126144000
0xCFBA49Ae97a4d1982647523fb217864c6F332F68,882,7775999
0xF0b080F40b276f5fcfa28763fAbCAf20C68ceeeF,2730,94700412
0x4F023131a6f8F0F92Cb74BcEb3Ad973380C6980e,1900,119759494
0x7Cfed2A2d4a98680daC6aA55120f5AF2EC562EbD,900,7776000
0x683028Fc63477B8A702CFE7475865952d3E8ac09,2142,105553209
0x62058F928E0b8af1279670437d7dFD9E55e34560,10000,34922513
0xfF67A7B7c3039aCB7b5133Dd89b65491fef96331,2019,7296113
0x7a8E0C1Fea45D4DF4AA9B3abB5D7D1fC11683d2c,950,7775999
0x4c7eabe657187D2c8C5f7e2bb453478f72fd00c9,974,7776000
0x811001539F80e79a106dC309CeFcc23Bc59A8571,1290,66868240
0x01C81C0E0cfd968A96CF08E3dC32f395A9dC075f,932,7776000
0x9864a0A7Bc6A5848F48D0A21235F82eeDD85453e,1800,126144000
0x0c999f497985f6b045CD75Aef773f324546faA61,1000,7776000
0x12e994A05311B41d994b1Cc7D937bA679a75a107,1000,7776000
0x18Ec0bB55CEB0D54f3600f8bdEc7D5Cf5b495595,2000,126144000
0x65Ff30419Af66c57750ac11Bb8Bdb970078E1029,2000,126144000
0xe4ACae24D3C19F0a086E7b9aDEc13732de8A4Faf,2041,7775999
0x525B41C72c4Ea3Af9fbD47AC8E9f1ac87364908A,8200,34074154
0x4bb86AD2bA714dC35594bcCD5d571D5DDDB4ef9C,920,7776000
0xA7A7E108a88E137fF754306A9501e65c980A65E6,2991,24062326
0x9321Cc3af75afbb8D05aBbaC1BE64Fdb37DA42dc,2000,126144000
0x11c83C89C5042b74a10C24531FA49b3733D02C38,1000,7776000
0xC173Ff601b33B48A048E9fa641497B1889ce6680,1010,7776000
0xF725cC2b6ec42Fc500F85E82a4BA6289F65354fb,2013,7990603
0x955883fA51d4D91946FaF574946D78Da5DadDF22,1251,6713297
0xD7aA97fB443aCdc38622056B963a5e8893F18c1f,1000,7776000
0x865bA724B68891f1DDf8A19De522856a8219fbbC,2100,126144000
0x74B4B8C7cb9A594a6440965f982deF10BB9570b9,1999,126144000
0xDc80a6E8aA91889D481f529A36cD9897E8Daf4CD,2415,105091914
0x3d54DbEE5C5d0215246199e177F629e607CEb7d5,1000,7776000
0xd581d17453997652C7c3A6C61ccE5b115522b33d,2000,126144000
0x6496e0f4f7886829EE18a2CeCa35aA0dBB559716,2000,126144000
0x0BB5Eb7229cE9b65b2eb2743F8BfFaC4456b3661,1000,7776000
0x51d18E5F6FA6534bB2fbAaf90FD6f3336327fd16,2000,126144000
0x0a85f4bbBb08253B862D7a3B440f19e844Ee3846,1000,7776000
0x08e504415a4480D28E02040151C3Fb1d9D653fEd,2306,126144000
0x5Cdb526e3024e5D4dE0212C8e02D92e504F63c4c,13200,33083784
0x5D839396809Ad81a09d3f1a55ea6027D4e366D13,2110,126144000
0x144Db4E3D28Aca86Ca6cD7AD6fA3CdabD3200Ff1,1100,7775997
0xb5B1A0c74c335cB3Dc548f870f0b7c260b209e2C,3046,84790507
0x423D9E79CF8C1a88F2E54583c50CF3453A1C7373,1900,63950547
0xc88b926a00Ee23b87b98b7C390F5192e588A1e42,2114,126144000
0x387b2f4bd572A84c732642cd3B64282E05CCf5A3,2222,126144000
0x9902C6A422a08F189282582A105a7B12124380b7,1080,7776000
0x7bf7B7995BAc3F199a08E94Da57B2dF4AffF801c,2400,126144000
0x1e6FF9efFCdaee26E7fC16f391358f6D9EE49dF5,1401,41571289
0x583e1Eb86669456c72618fB789311495a37e4508,2372,126143999
0xBf2b071A6b207d41495c4a1DC5B051fe1d462fCC,1415,7364943
0x8e097b69c474D522beDaeFF4C58f760C7b480195,1200,7776000
0xbD1bfF03034aC340235E48EE35c85b1121b8198e,3163,104145187
0xaac2bd4F44c02D3A8A8f4aC88b87A91ab7Ef0Bf2,2500,126143999
0xf6F7828CB124E459478F47fAA5B29EEab5f014f1,2700,126144000
0x66697dabFfe51a73E506f463b27E388512ed6Ecd,3000,126144000
0xcC6bb37CE6e9b92452E0209958C72CCeAf1518D5,3000,126144000
0xc6556E2E88f9A1B4CB8b995a42ba2996fDe963bf,1348,7776000
0x02E4883AAf6B3ae671D2C9810407Bcb01AD7988E,2020,7017903
0x838260CeB50062e172cfa293270025506642a669,3000,126144000
0xc3A84268a94F1Cbf72F5e5F83524011CAF71fe43,2698,126143999
0x483c68B81446504C2A8c5987B49cf013944d2A16,2600,126144000
0x9f5810960af877e908637FCC4b3aD87f53469232,1400,7776000
0xa60f546f1e74d92E13a2690a5ff871118F1cB049,2592,126144000
0x69cD1C2E13113C09a22Ff98cBd2dB3f682f716B4,19115,15487240
0x913D97DAe24A2564B0b092fE99e0df5291a6C086,3000,126144000
0xbd24232607Ed1E583fe27b1c58A6EF7a9C58E46F,5000,5035530
0x41f7cdf33466ea516f4FB66Eb7ba7Bd4aE4D1056,1463,7776000
0x23fa4be9954ECfA249B1eF5C027EB113542AC9ba,2800,126144000
0x3Bac6dE48b10b51184fAba45547B942039772355,35000,3863127
0x9CF40f5fB40626E3B242049da8C7e013C0CddC19,10550,39696500
0xD870E0af031778d00D53943BD55E00EEd0D3013e,6083,22148601
0xd25162374E5eec71C4C25c12D00d1d85251542a6,3000,126144000
0x57A3EDD9CD6Ad5C50E93c0499855b13A97B8D4E9,3532,126144000
0x5223c1c21C1894ee58dED4d09ccFA239a272Af16,3232,126143992
0xd31e79Aceae4Fe18Fe300E97f03AEA3ddc0d9Add,2000,7776000
0xcaDA753152577217f9B1DBDb175E5cB6051Fee43,4000,126144000
0xbe7DD82FACD47D3598803F44CB980078466aEBA3,2305,30668810
0xB0724d41bF219dd61384619F2513000d9D7D2eAD,4296,105556825
0xbb674C3251c4D1Fcbc4860DC707daF94C286A461,3920,126143999
0x40b66cd81949BE635a7596b4c08FD23e210412A7,2300,7945043
0xf022F5a52ED036ee612Bdb3b0ff3D41f134b7Aa6,1700,7776000
0x8Ec5D230232f6d48353106CF8A911Bb2fE435394,1900,7776000
0x9029C2892A447b62b7dE18E23a43F03417840256,4000,126144000
0x169945cf64ebd10139BF7B85C86Bf710947ac9fa,2902,8053746
0x77A6B981f8Be856E1670bE732Df657350d8Ff0e3,5330,96346859
0xe4F2023783aeC5037D1Cba8095D89Db89c7e5aA6,6500,78790148
0xbFc016652a6708b20ae850Ee92D2Ea23ccA5F31a,6300,78006855
0xb5AA18B5B83D0DD0e5B78EF72eF35d13Ed731A03,2000,7776000
0xe2eFa7C8A0769e91af174870DbDdC2D2500c08a3,4000,126144000
0x709Cb5D672CaBab9D50250C0Af982c52B1b233a1,4195,126143999
0x8E20118905f7A62dDA3819894352602359A5aE8c,2560,61411500
0x73dd41bE92D5bf2EBD0182AEc6f9fB9E83262206,4158,126143998
0xA3e1d1Af0C2240b250Ce8632DfDFae674947A538,1996,7776000
0xa14a711E5D6F38bCCF81d703cb8a949f9A1D3cBB,9266,57744827
0x5B7897A5eD54642e388b9bc470912d27f18D98ce,4000,126144000
0xCbbbE8b6CB1D0dE071728C36C29dB40918f98231,4501,126143996
0x1160387A36953aFC5d80C0Ea7b6B5447774aF8E5,8050,67853514
0x22525bAeebD350852913070C2ba57a6CcE989c2f,4720,126143999
0xd0392E43557Dad622DB230C515ede5810E085EC4,3000,6485184
0x0b2d830f3B37DF12b043c70a44B128A51a15F6bD,4999,126144000
0xa0D4B74Daf7C64CEA78fb8D1f9f12f44107AA85B,3437,7184268
0x5A7a494d2D540717912c84d0bB956c3c3bccd675,2507,7776000
0x2462e450384aB3F89104229AAbEc4c5F7357eFa2,4847,126143998
0xA5b5B85f0C5209998Be7aa72e17f0Ae289bc71bA,6765,125372949
0x4db69Acf5aB21dE55c1DBCCa93C38b5BC6835268,3500,59986282
0x15858Fb53C8aA6A024CcE669bBadCdcaDDFC1ad5,4824,126144000
0xCA72f3C23A2aaD91A25D002c4bf13Ed766d3846D,5600,126144000
0x700E7D3Eb1127336DC51dE98A6D968d4c24167BB,5750,126143999
0xF278F9728551fE0D1AE6001012052D4cA7757f0e,4052,6149921
0x70bE2bFE60d875FAAd5922F2379aF1a0AFC8e754,2380,7776000
0x153B4F4f2c6c284f844A53eB2e097D23B7bfa4Dd,5000,126144000
0x40a59902e7d1d80C8f9C09Ee9aDFb865D017BAF9,2450,7776000
0x798E3ef20D94b80BcE7e23402b61F4937419113e,3700,23771674
0xBB8aDE1A31A79422B425e876184724c209f78289,5000,126144000
0xFC969BB1697b733b65e5CfcBbb250A1f9e8d5475,2500,7776000
0x51d799582336b9c1A0C8b3C5588C504c20467E3d,3600,7367999
0x508602e550cDCea8E430a1c802001ca02D86f8Ed,5000,126144000
0x324336217A11B59769b025d60CA3791E0B9E4c7E,5657,126143999
0xc766D73BE01Caa06834032bF5C8F8f0F41A7BF36,5500,126144000
0x79cD5A4c95b6A0a44Eaa49a41Df0226A5f9fD6F1,5948,126144000
0x45Da535F21331Dcb238F6e8fE2e9715028249d74,7240,101011623
0x99731996c0586e61470F99CA42520e6B17932a71,2810,7776000
0x289a74cc1306387877fcc9bBcAC0FED15825B473,41430,8820276
0xb8D01517a8E60AbD593Cdd5c13d64A05B0A7DE49,7000,126144000
0x35aBbCA84D7e6a4eFfD415d0d971B8DE59c233F9,6000,126144000
0xb1E55C1056238A7A5E5bB0cB924e75A96D7F88CF,8750,109345370
0x2239d1A741c0e009AE867145A88cB088d5CBcB95,3500,7233303
0x65ed78c554fc4E43F7e211B2AaE62ecF7d1aB99b,7500,126144000
0x8fc6003Daded7aEeF374Ec36030D7770fe41Ca3B,3740,7775999
0x0bbf985c75260EBd881740d51EcbF5B3B0AD321b,3230,7775999
0xD14Ab59a934A22b072F331453C205f85C168aAe4,8000,126144000
0xa064B34DC0aEeF23e48B400DC4b0A3f940B55865,8788,39599982
0x3A51aA75f571dDc91a3cda24cd6E8a3bF2a387b7,6828,126144000
0xE2777E09E622E4B4fdF2c31385B79d56657A3a4C,3300,7775999
0x93C686DE8eC7ADDeA7F743761c41714e5862d572,3500,7775999
0x9aAE12dd452f78ae8919C2168717e7348392aD11,6244,71759598
0x699CD0c7d6d41634C5c37cB64CCEDEF14fb9f9b8,4700,75774638
0x819afe0C395A07Af7f7FADe5D57E556c8B66B699,7098,126143999
0x5B65FE3e821A97785945109743D7fe4A0013b3e7,3430,7775999
0xC6428CA05abDe528b8765EC570c31c99F9b6f4D4,4750,70074943
0x18E2742F261225f77Bb61AE2AFE9Eec5A9D0D44c,8000,126144000
0xd7Ca10036C597f01A58369B352da57710943dC46,6942,7937024
0x32144A3F0ED8145Aa42896A811C7a7cEb1717F24,6366,100744897
0xd3A13cC4A1108944B0Ed45aa4428e19A17CCA9B2,6000,86687999
0x5f20d84dbFCe7D9Bd5b43Dd22e650e1Ef017c011,4800,7776000
0xcE185e777E2428431936eF88Bb068709639BaC77,7573,17188385
0x502A5fF7D4E4F4C9f01d483b5291eC62eA588A2f,11400,114864645
0x183D9f9C2041cDFE8Ab24aAF05E27c2bE50d2424,10280,126144000
0x170B6EE0387762Acb551310e817FEbe5F98157BD,9686,123001700
0xc4E4a79ab18CdAb4c91d5d2F8b870d350bFC106E,10000,126144000
0xD16351F6B8004EAC0Ed645E40B2d2fF254975543,5000,7776000
0xD0FE971732E547059eA6009c79a2d6155bdb41a4,33785,40611040
0x0BdA0F33311E65379461D0A555BbD7669c0eaA22,14200,126143999
0xa0009e0a00bE5C7B0605D92A948b7651d2f617f8,10000,126144000
0x69b5d1F3F736116cc95Dc1820A34D18649d5A479,5000,7776000
0xc5ed67C5b385f283c9082500183D4C3682eD8c57,5000,7776000
0x0dc4E81Df0fEFF747F49B1C00382069c3779c7Ea,10000,57862079
0x64a2120b52CF24597f8B78b0EA995dD32c53B05A,6884,7776000
0x465C92B6B9314B2950df11b7fb7da085F37FF21B,6675,21852403
0x80Fe9E3dBBB75D44fCe3E277eE73Af1bD34B62CE,11904,126144000
0xe5b7fB5651B51a1b19224309aeD7128C6d88C181,6235,8245758
0x798FeDc8B14085a3f834a9532Fd733400aff62D8,13260,126143998
0xc7eD7Bf2A126983DFde425126b03693D40477Ba7,13439,115148715
0x124724852a01645EaB39EC288703b42872CdD067,7000,7776000
0xEe560680bd912Cf3E3Ba19f64EdaBc38c6E74B72,15074,126144000
0xbBC2d5e79B4CB505C511f10F5774246b6ff83DD3,6900,7775999
0xd02870666f7F1A54776449280D85A8ae3b4E7384,16869,5363773
0x571eBD4C979f1725593BfB129a24d595D6aDfC23,13000,98828307
0x4bF0DBF710311219B0f7498Ea6910719deBc4368,16400,126144000
0xFE92eCB2FF31CFCB047148210E144aC5723E90e4,16262,126143999
0x9915eB519fbaAB6BeC191c767a4E230239F95140,27041,95865461
0x3A1b51BE347CC35bEE967fA6d32c07b63cd4E41E,20000,126144000
0x190458082967981011EF9b48C8f2d1cd9C6e270a,18274,126144000
0xD1BA0E59B256F7d0D1e1165092BFb19A26517e2F,10856,7775999
0x77c67CeE1d9f4145C2D185a304bBb2962C41CeB0,16250,80677660
0xBaDBbe36Ee3FC5BB8f1B59e4bb04f3C992b4B73c,19000,126144000
0x4c82e6680Cf7C95D21aFF0caFDc3b5f43B8bfA53,10000,7776000
0xd898C9b2e58156dF702D1D6486a3A4C997634081,18800,59000169
0xB16876d2a4EFF6c6D2c4DDCC8377Ade3d8F79480,9990,7776000
0xbf2BAB8425215b99171103550c6B41e6bD04111B,14050,48284068
0x70DDF043d521AaEA0Ed98f39eac0183FDc9e3640,26666,66896232
0x84F4CcC36fC9d5FB1947949aE5572A33ad738667,27000,126144000
0x137a48f028BE804425428cdd1591675A583235e0,13210,7775997
0xae1FA6dCB9FC88718Ec6c10f334305e2182e9466,138503,18297335
0x1689560B668a2f063e2aa260D909A8d0Bea55E7D,13610,7776000
0x85edb8A0472365c3a2D5B6040b6Ea6B4F06aAb62,14000,7776000
0xcbbac906A26DC3830883D9B573c7d1245968ae75,51841,5603292
0x543Ee6e6Ec9EA35d8a7FC2D6e0856456915b086A,35516,126144000
0x2471AEc1f97963234532fFcC79f87F842830f57A,32000,126144000
0xbba2379F5cc9A2f248C5Cf18aD72379AE2478F42,23323,7534363
0xB118FD9852ec6762ed38799CB43F0Ad1f0d29a2e,42000,96770878
0xe16341E4C1594C2696AA5492004dC15B817a3F5e,40000,126144000
0x4cea75f8eFC9E1621AC72ba8C2Ca5CCF0e45Bb3d,36988,126143999
0x28E6A0CAF4Eb91439E0DF4cCFC859F4bEA96F942,42300,126144000
0x37eedb7AC276bD6c894e81B8937b0b0BAB154E22,55372,114331396
0x15aCdde30b45b7bdBbb430f59fAaF6AC3Ab1972a,61497,85862230
0x41c6BeB49d2D471c1f6889C800C6AE92C6d1abb3,50000,7747771
0x994f8e8C62f454A79c4f8C338187426370e96C2E,74438,124553842
0x1B710f7e7E3Fe91EC6359c6e1D9f14a46D598614,49641,7701194
0x69258d1ed30A0e5971992921cb5787b9c7a2909D,100000,126144000
0xaC207c599e4A07F9A8cc5E9cf49B02E20AB7ba69,148900,123802899
0x7903d1053EbDBE1f50783752F3B0d834213a799a,330296,96474317
0x8b7Bbc3EC647181473DC461E3124A7AD57989E1b,265524,126143998
0xE9F40007bA897981748a515F7375ddcc22112cf0,118325,7776000